date,time,am_pm,stool,urine
2019-12-03,1:00,AM,1,1
2019-12-03,2:00,AM,1,1
2019-12-03,3:00,AM,0,1
2019-12-03,4:00,AM,1,0
2019-12-03,5:00,AM,1,1
2019-12-03,6:00,AM,1,1
2019-12-03,11:30,AM,0,1
2019-12-03,12:10,PM,1,1
2019-12-03,12:25,PM,1,0
2019-12-03,1:00,PM,0,1
2019-12-03,5:10,PM,0,1
2019-12-03,6:00,PM,0,1
2019-12-03,7:36,PM,0,1
2019-12-03,7:39,PM,1,0
2019-12-03,11:15,PM,0,1
2019-12-03,11:30,PM,0,1
2019-12-04,1:00,AM,1,0
2019-12-04,1:30,AM,0,1
2019-12-04,2:00,AM,0,1
2019-12-04,3:00,AM,1,1
2019-12-04,6:30,AM,1,0
2019-12-04,6:50,AM,1,1
2019-12-04,7:25,AM,0,1
2019-12-04,8:08,AM,0,1
2019-12-04,9:03,AM,1,0
2019-12-04,9:38,AM,0,1
2019-12-04,3:40,PM,1,1
2019-12-04,5:04,PM,1,0
2019-12-04,6:25,PM,0,1
2019-12-04,6:35,PM,1,0
2019-12-04,7:20,PM,0,1
2019-12-04,8:39,PM,0,1
2019-12-04,9:21,PM,1,0
2019-12-04,9:25,PM,1,0
2019-12-05,1:00,AM,1,1
2019-12-05,6:13,AM,1,0
2019-12-05,7:17,AM,0,1
2019-12-05,9:02,AM,0,1
2019-12-05,9:35,AM,1,1
2019-12-05,12:28,PM,0,1
2019-12-05,1:33,PM,0,1
2019-12-05,2:13,PM,1,0
2019-12-05,2:31,PM,0,1
2019-12-05,4:35,PM,1,0
2019-12-05,6:10,PM,1,0
2019-12-05,6:40,PM,0,1
2019-12-05,7:16,PM,1,1
2019-12-05,8:16,PM,1,0
2019-12-05,8:40,PM,1,0
2019-12-05,9:12,PM,0,1
2019-12-06,1:30,AM,1,0
2019-12-06,1:41,AM,1,0
2019-12-06,6:25,AM,1,0
2019-12-06,7:36,AM,0,1
2019-12-06,8:25,AM,0,1
2019-12-06,9:05,AM,1,1
2019-12-06,9:35,AM,0,1
2019-12-06,9:50,AM,1,0
2019-12-06,12:30,PM,1,1
2019-12-06,3:39,PM,1,0
2019-12-06,6:15,PM,0,1
2019-12-06,7:23,PM,1,0
2019-12-06,10:17,PM,1,1
2019-12-06,10:23,PM,1,0
2019-12-06,10:44,PM,1,0
2019-12-07,1:40,AM,0,1
2019-12-07,5:00,AM,1,1
2019-12-07,6:21,AM,1,1
2019-12-07,7:40,AM,1,0
2019-12-07,8:06,AM,0,1
2019-12-07,8:13,AM,1,0
2019-12-07,8:33,AM,1,0
2019-12-07,11:00,AM,1,0
2019-12-07,11:45,AM,0,1
2019-12-07,2:00,PM,0,1
2019-12-07,2:50,PM,0,1
2019-12-07,3:10,PM,0,1
2019-12-07,3:23,PM,0,1
2019-12-07,6:29,PM,1,0
2019-12-07,9:00,PM,1,0
2019-12-07,10:40,PM,0,1
2019-12-07,11:16,PM,0,1
2019-12-07,11:40,PM,1,0
2019-12-08,12:10,AM,1,1
2019-12-08,4:00,AM,0,1
2019-12-08,5:07,AM,1,0
2019-12-08,5:48,AM,1,1
2019-12-08,6:00,AM,1,0
2019-12-08,6:40,AM,1,1
2019-12-08,6:41,AM,1,0
2019-12-08,6:45,AM,1,0
2019-12-08,6:58,AM,0,1
2019-12-08,7:05,AM,1,0
2019-12-08,10:43,AM,1,1
2019-12-08,12:30,PM,1,1
2019-12-08,1:58,PM,0,1
2019-12-08,4:58,PM,1,0
2019-12-08,5:50,PM,0,1
2019-12-08,6:19,PM,1,0
2019-12-08,7:41,PM,1,0
2019-12-09,12:53,AM,0,1
2019-12-09,12:58,AM,1,0
2019-12-09,2:08,AM,0,1
2019-12-09,4:46,AM,0,1
2019-12-09,7:30,AM,1,0
2019-12-09,8:45,AM,0,1
2019-12-09,9:17,AM,0,1
2019-12-09,10:59,AM,1,1
2019-12-09,11:03,AM,1,0
2019-12-09,11:47,AM,1,1
2019-12-09,12:16,AM,0,1
2019-12-09,12:20,AM,1,0
2019-12-09,12:29,AM,1,0
2019-12-09,12:56,AM,0,1
2019-12-09,4:28,AM,0,1
2019-12-09,5:21,AM,1,0
2019-12-09,5:27,AM,1,0
2019-12-09,6:05,AM,1,0
2019-12-09,6:47,AM,0,1
2019-12-09,7:06,AM,1,1
2019-12-09,7:36,AM,1,0
2019-12-09,8:30,AM,0,1
2019-12-09,9:12,AM,1,1
2019-12-10,1:00,AM,1,0
2019-12-10,1:20,AM,1,0
2019-12-10,4:10,AM,1,1
2019-12-10,4:48,AM,0,1
2019-12-10,5:28,AM,1,1
2019-12-10,6:17,AM,1,1
2019-12-10,6:48,AM,1,0
2019-12-10,7:42,AM,1,1
2019-12-10,7:44,AM,1,0
2019-12-10,9:00,AM,0,1
2019-12-10,2:11,PM,1,0
2019-12-10,3:21,PM,0,1
2019-12-10,5:05,PM,1,1
2019-12-10,8:24,PM,0,1
2019-12-10,10:39,PM,0,1
2019-12-10,10:42,PM,0,1
2019-12-10,11:15,PM,1,0
2019-12-10,11:42,PM,0,1
2019-12-10,12:00,PM,1,0
2019-12-11,2:10,AM,1,0
2019-12-11,5:16,AM,1,1
2019-12-11,8:23,AM,1,1
2019-12-11,8:42,AM,1,0
2019-12-11,9:09,AM,1,0
2019-12-11,9:26,AM,0,1
2019-12-11,12:37,PM,1,1
2019-12-11,3:30,PM,0,1
2019-12-11,3:57,PM,1,0
2019-12-11,4:29,PM,0,1
2019-12-11,4:59,PM,0,1
2019-12-11,5:03,PM,0,1
2019-12-11,5:40,PM,1,1
2019-12-11,5:46,PM,1,0
2019-12-11,6:26,PM,0,1
2019-12-11,6:47,PM,0,1
2019-12-11,7:20,PM,1,0
2019-12-11,7:22,PM,0,1
2019-12-12,1:00,AM,1,0
2019-12-12,3:25,AM,1,1
2019-12-12,3:55,AM,0,1
2019-12-12,3:58,AM,1,0
2019-12-12,6:47,AM,0,1
2019-12-12,7:45,AM,1,1
2019-12-12,8:40,AM,1,0
2019-12-12,9:35,AM,0,1
2019-12-12,10:25,AM,0,1
2019-12-12,10:29,AM,1,0
2019-12-12,11:24,AM,1,1
2019-12-12,11:35,AM,1,0
2019-12-12,3:00,PM,1,0
2019-12-12,3:51,PM,0,1
2019-12-12,4:43,PM,0,1
2019-12-12,5:24,PM,1,1
2019-12-12,6:43,PM,1,1
2019-12-12,11:39,PM,1,0
2019-12-13,12:01,AM,1,0
2019-12-13,1:38,AM,0,1
2019-12-13,5:09,AM,1,0
2019-12-13,5:20,AM,1,0
2019-12-13,6:55,AM,0,1
2019-12-13,7:46,AM,0,1
2019-12-13,8:41,AM,0,1
2019-12-13,9:13,AM,1,0
2019-12-13,12:58,PM,1,1
2019-12-13,1:00,PM,1,0
2019-12-13,2:43,PM,1,1
2019-12-13,3:47,PM,0,1
2019-12-13,4:58,PM,1,1
2019-12-13,6:00,PM,0,1
2019-12-13,6:23,PM,0,1
2019-12-14,4:05,AM,1,1
2019-12-14,5:13,AM,1,1
2019-12-14,8:55,AM,1,0
2019-12-14,9:47,AM,1,0
2019-12-14,10:15,AM,0,1
2019-12-14,10:46,AM,0,1
2019-12-14,11:34,AM,0,1
2019-12-14,11:40,AM,0,1
2019-12-14,3:41,PM,1,1
2019-12-14,7:59,PM,0,1
2019-12-14,8:45,PM,0,1
2019-12-14,9:20,PM,0,1
2019-12-15,1:30,AM,1,0
2019-12-15,2:09,AM,1,0
2019-12-15,5:20,AM,1,1
2019-12-15,5:50,AM,1,0
2019-12-15,6:40,AM,1,0
2019-12-15,6:59,AM,1,1
2019-12-15,8:26,AM,0,1
2019-12-15,12:08,PM,1,0
2019-12-15,12:11,PM,1,0
2019-12-15,12:50,PM,0,1
2019-12-15,12:54,PM,1,0
2019-12-15,1:45,PM,0,1
2019-12-15,4:55,PM,1,1
2019-12-15,6:05,PM,1,1
2019-12-15,6:56,PM,0,1
2019-12-15,7:20,PM,0,1
2019-12-15,7:42,PM,1,0
2019-12-15,8:05,PM,0,1
2019-12-15,8:22,PM,1,0
2019-12-16,2:05,AM,1,1
2019-12-16,5:56,AM,1,1
2019-12-16,7:07,AM,0,1
2019-12-16,9:40,AM,1,1
2019-12-16,10:49,AM,0,1
2019-12-16,1:00,PM,1,1
2019-12-16,2:17,PM,0,1
2019-12-16,3:25,PM,0,1
2019-12-16,9:56,PM,1,1
2019-12-16,11:03,PM,0,1
2019-12-16,12:10,AM,0,1
2019-12-17,12:20,AM,0,1
2019-12-17,1:00,AM,1,0
2019-12-17,1:41,AM,1,1
2019-12-17,4:56,AM,0,1
2019-12-17,6:05,AM,1,1
2019-12-17,6:33,AM,1,1
2019-12-17,7:15,AM,0,1
2019-12-17,8:25,AM,1,1
2019-12-17,8:29,AM,1,0
2019-12-17,11:27,AM,1,0
2019-12-17,12:20,PM,1,1
2019-12-17,1:20,PM,0,1
2019-12-17,4:54,PM,1,1
2019-12-17,6:33,PM,0,1
2019-12-17,7:21,PM,0,1
2019-12-17,8:07,PM,1,0
2019-12-18,1:31,AM,1,1
2019-12-18,4:36,AM,1,1
2019-12-18,5:39,AM,1,1
2019-12-18,6:10,AM,0,1
2019-12-18,6:40,AM,0,1
2019-12-18,6:46,AM,1,0
2019-12-18,7:39,AM,1,0
2019-12-18,8:39,AM,0,1
2019-12-18,9:50,AM,1,1
2019-12-18,9:53,AM,1,0
2019-12-18,2:24,PM,1,1
2019-12-18,3:23,PM,0,1
2019-12-18,4:41,PM,0,1
2019-12-18,6:01,PM,0,1
2019-12-18,6:58,PM,1,0
2019-12-18,11:32,PM,1,1
2019-12-19,1:40,AM,1,1
2019-12-19,4:31,AM,1,1
2019-12-19,5:28,AM,1,1
2019-12-19,5:36,AM,1,0
2019-12-19,5:39,AM,1,0
2019-12-19,6:01,AM,1,1
2019-12-19,6:25,AM,1,0
2019-12-19,7:55,AM,0,1
2019-12-19,9:40,AM,1,1
2019-12-19,10:42,AM,0,1
2019-12-19,4:20,PM,1,1
2019-12-19,5:30,PM,1,1
2019-12-19,5:47,PM,0,1
2019-12-19,7:03,PM,0,1
2019-12-19,8:03,PM,1,1
2019-12-20,1:33,AM,1,1
2019-12-20,2:49,AM,0,1
2019-12-20,5:14,AM,1,1
2019-12-20,6:33,AM,0,1
2019-12-20,7:57,AM,0,1
2019-12-20,8:25,AM,1,0
2019-12-20,8:58,AM,0,1
2019-12-20,9:38,AM,1,1
2019-12-20,9:48,AM,1,0
2019-12-20,10:11,AM,1,0
2019-12-20,10:15,AM,1,0
2019-12-20,1:23,PM,1,1
2019-12-20,2:06,PM,1,0
2019-12-20,3:14,PM,1,1
2019-12-20,3:54,PM,0,1
2019-12-20,4:46,PM,1,1
2019-12-20,6:46,PM,0,1
2019-12-20,6:58,PM,0,1
2019-12-20,7:06,PM,1,0
2019-12-20,8:12,PM,0,1
2019-12-21,3:00,AM,1,1
2019-12-21,3:55,AM,0,1
2019-12-21,5:39,AM,0,1
2019-12-21,7:36,AM,0,1
2019-12-21,12:01,PM,1,0
2019-12-21,1:03,PM,0,1
2019-12-21,1:10,PM,0,1
2019-12-21,2:20,PM,0,1
2019-12-21,2:42,PM,1,0
2019-12-21,4:00,PM,1,1
2019-12-21,4:29,PM,0,1
2019-12-22,1:15,AM,1,1
2019-12-22,2:05,AM,1,0
2019-12-22,2:34,AM,0,1
2019-12-22,6:15,AM,0,1
2019-12-22,6:48,AM,1,1
2019-12-22,7:31,AM,0,1
2019-12-22,8:11,AM,0,1
2019-12-22,8:51,AM,1,1
2019-12-22,9:34,AM,1,1
2019-12-22,3:20,PM,1,1
2019-12-22,4:00,PM,0,1
2019-12-22,5:33,PM,0,1
2019-12-22,6:49,PM,1,0
2019-12-22,8:32,PM,1,0
2019-12-23,3:07,AM,1,1
2019-12-23,4:19,AM,0,1
2019-12-23,5:03,AM,0,1
2019-12-23,5:59,AM,0,1
2019-12-23,7:24,AM,1,1
2019-12-23,8:12,AM,0,1
2019-12-23,9:13,AM,1,0
2019-12-23,9:18,AM,1,0
2019-12-23,10:22,AM,1,0
2019-12-23,2:28,PM,1,1
2019-12-23,3:39,PM,0,1
2019-12-23,4:32,PM,0,1
2019-12-23,4:41,PM,0,1
2019-12-23,5:23,PM,0,1
2019-12-23,6:09,PM,1,0
2019-12-23,6:42,PM,0,1
2019-12-23,6:57,PM,1,1
2019-12-23,7:38,PM,1,0
2019-12-24,3:00,AM,1,1
2019-12-24,3:41,AM,1,0
2019-12-24,4:23,AM,0,1
2019-12-24,5:56,AM,0,1
2019-12-24,6:09,AM,0,1
2019-12-24,10:13,AM,1,1
2019-12-24,10:57,AM,1,1
2019-12-24,11:54,AM,0,1
2019-12-24,12:03,PM,1,0
2019-12-24,12:12,PM,0,1
2019-12-24,12:49,PM,1,0
2019-12-24,1:41,PM,0,1
2019-12-24,2:52,PM,0,1
2019-12-24,3:21,PM,1,0
2019-12-24,4:15,PM,0,1
2019-12-24,4:48,PM,1,0
2019-12-25,2:30,AM,1,1
2019-12-25,3:11,AM,1,0
2019-12-25,3:53,AM,0,1
2019-12-25,4:41,AM,0,1
2019-12-25,5:03,AM,1,1
2019-12-25,6:31,AM,1,1
2019-12-25,7:18,AM,0,1
2019-12-25,7:29,AM,1,1
2019-12-25,11:02,AM,0,1
2019-12-25,11:47,AM,1,0
2019-12-25,11:50,AM,1,0
2019-12-25,12:34,PM,1,0
2019-12-25,1:12,PM,0,1
2019-12-25,2:13,PM,0,1
2019-12-25,2:38,PM,1,0
2019-12-25,4:44,PM,1,0
2019-12-25,5:56,PM,1,0
2019-12-25,6:05,PM,1,0
2019-12-26,1:45,AM,1,1
2019-12-26,4:33,AM,0,1
2019-12-26,5:05,AM,1,0
2019-12-26,6:18,AM,0,1
2019-12-26,8:38,AM,0,1
2019-12-26,8:40,AM,0,1
2019-12-26,9:23,AM,1,0
2019-12-26,10:08,AM,1,0
2019-12-26,2:11,PM,1,1
2019-12-26,3:41,PM,1,1
2019-12-26,4:35,PM,0,1
2019-12-26,4:56,PM,1,1
2019-12-26,5:51,PM,1,0
2019-12-26,6:09,PM,0,1
2019-12-26,7:15,PM,0,1
2019-12-27,2:21,AM,1,1
2019-12-27,2:48,AM,0,1
2019-12-27,3:13,AM,0,1
2019-12-27,5:59,AM,0,1
2019-12-27,6:29,AM,1,0
2019-12-27,7:35,AM,1,0
2019-12-27,7:46,AM,1,0
2019-12-27,7:50,AM,1,0
2019-12-27,9:12,AM,1,1
2019-12-27,9:56,AM,1,1
2019-12-27,10:12,AM,1,0
2019-12-27,1:52,PM,1,0
2019-12-27,3:07,PM,0,1
2019-12-27,3:50,PM,1,0
2019-12-27,4:42,PM,0,1
2019-12-27,5:08,PM,1,0
2019-12-27,5:44,PM,1,1
2019-12-27,6:11,PM,0,1
2019-12-27,7:35,PM,0,1
2019-12-28,2:15,AM,1,1
2019-12-28,6:22,AM,1,1
2019-12-28,7:03,AM,1,0
2019-12-28,7:13,AM,0,1
2019-12-28,7:51,AM,1,1
2019-12-28,8:59,AM,0,1
2019-12-28,9:20,AM,1,0
2019-12-28,11:41,AM,0,1
2019-12-28,12:34,PM,0,1
2019-12-28,12:54,PM,1,0
2019-12-28,2:10,PM,1,1
2019-12-28,2:36,PM,0,1
2019-12-28,3:10,PM,1,0
2019-12-28,3:49,PM,1,0
2019-12-28,5:20,PM,1,1
2019-12-28,8:11,PM,0,1
2019-12-28,8:56,PM,1,0
2019-12-28,9:00,PM,1,0
2019-12-28,1:00,AM,1,0
2019-12-29,1:50,AM,1,0
2019-12-29,4:57,AM,0,1
2019-12-29,6:15,AM,1,1
2019-12-29,9:47,AM,1,0
2019-12-29,11:05,AM,0,1
2019-12-29,11:25,AM,0,1
2019-12-29,12:25,PM,1,0
2019-12-29,5:38,PM,0,1
2019-12-29,5:42,PM,1,0
2019-12-29,6:36,PM,0,1
2019-12-29,9:57,PM,1,0
2019-12-30,1:01,AM,0,1
2019-12-30,3:04,AM,1,1
2019-12-30,4:22,AM,1,0
2019-12-30,5:24,AM,1,0
2019-12-30,5:35,AM,1,0
2019-12-30,6:32,AM,1,1
2019-12-30,6:46,AM,0,1
2019-12-30,7:19,AM,0,1
2019-12-30,8:14,AM,1,0
2019-12-30,8:26,AM,0,1
2019-12-30,10:32,AM,1,0
2019-12-30,11:59,AM,0,1
2019-12-30,12:50,PM,1,1
2019-12-30,2:25,PM,1,1
2019-12-30,3:48,PM,0,1
2019-12-30,4:00,PM,0,1
2019-12-30,4:15,PM,0,1
2019-12-31,3:30,AM,1,1
2019-12-31,6:10,AM,0,1
2019-12-31,7:55,AM,0,1
2019-12-31,8:12,AM,1,0
2019-12-31,8:28,AM,1,1
2019-12-31,9:34,AM,0,1
2019-12-31,10:26,AM,1,0
2019-12-31,11:32,AM,0,1
2019-12-31,3:02,PM,0,1
2019-12-31,3:07,PM,0,1
2019-12-31,3:45,PM,0,1
2019-12-31,4:47,PM,1,0
2019-12-31,6:18,PM,0,1
2019-12-31,7:15,PM,0,1
2020-01-01,3:11,AM,1,0
2020-01-01,4:08,AM,1,0
2020-01-01,6:16,AM,1,0
2020-01-01,6:25,AM,0,1
2020-01-01,8:09,AM,1,0
2020-01-01,8:18,AM,0,1
2020-01-01,8:45,AM,0,1
2020-01-01,10:06,AM,0,1
2020-01-01,10:52,AM,1,1
2020-01-01,11:20,AM,1,1
2020-01-01,11:24,AM,1,0
2020-01-01,12:09,PM,0,1
2020-01-01,3:47,PM,1,1
2020-01-01,4:56,PM,0,1
2020-01-01,5:20,PM,0,1
2020-01-01,5:58,PM,1,0
2020-01-01,6:02,PM,1,0
2020-01-01,7:08,PM,1,0
2020-01-02,3:00,AM,1,1
2020-01-02,3:41,AM,0,1
2020-01-02,6:00,AM,1,0
2020-01-02,8:01,AM,0,1
2020-01-02,11:05,AM,1,1
2020-01-02,11:08,AM,1,0
2020-01-02,11:10,AM,1,0
2020-01-02,11:11,AM,1,1
2020-01-02,1:55,PM,1,1
2020-01-02,2:56,PM,0,1
2020-01-02,3:47,PM,0,1
2020-01-02,4:53,PM,1,0
2020-01-02,6:19,PM,0,1
2020-01-02,8:13,PM,0,1
2020-01-02,9:00,PM,1,0
2020-01-03,2:23,AM,0,1
2020-01-03,3:10,AM,1,0
2020-01-03,8:05,AM,0,1
2020-01-03,8:12,AM,0,1
2020-01-03,8:57,AM,0,1
2020-01-03,10:00,AM,0,1
2020-01-03,11:00,AM,1,0
2020-01-03,2:05,PM,1,1
2020-01-03,2:44,PM,1,0
2020-01-03,4:25,PM,1,1
2020-01-03,5:44,PM,0,1
2020-01-03,6:06,PM,0,1
2020-01-03,6:59,PM,1,0
2020-01-03,7:30,PM,1,0
2020-01-03,8:00,PM,1,0
2020-01-04,1:06,AM,1,1
2020-01-04,4:11,AM,1,0
2020-01-04,5:22,AM,0,1
2020-01-04,5:57,AM,0,1
2020-01-04,9:15,AM,1,1
2020-01-04,9:48,AM,1,0
2020-01-04,10:27,AM,0,1
2020-01-04,10:39,AM,0,1
2020-01-04,11:15,AM,0,1
2020-01-04,12:10,PM,1,0
2020-01-04,2:25,PM,0,1
2020-01-04,3:06,PM,1,0
2020-01-04,5:25,PM,1,0
2020-01-04,7:10,PM,0,1
2020-01-04,7:36,PM,0,1
2020-01-04,11:42,PM,0,1
2020-01-05,2:58,AM,1,0
2020-01-05,3:22,AM,1,0
2020-01-05,5:57,AM,0,1
2020-01-05,6:56,AM,0,1
2020-01-05,8:50,AM,1,0
2020-01-05,10:30,AM,1,1
2020-01-05,2:53,PM,0,1
2020-01-05,4:03,PM,1,0
2020-01-05,4:54,PM,0,1
2020-01-05,5:15,PM,0,1
2020-01-05,6:40,PM,1,0
2020-01-06,12:13,AM,1,0
2020-01-06,3:46,AM,0,1
2020-01-06,4:54,PM,1,1
2020-01-06,5:26,PM,1,1
2020-01-06,9:10,PM,0,1
2020-01-06,9:54,PM,0,1
2020-01-06,10:19,PM,0,1
2020-01-06,10:59,PM,1,1
2020-01-06,11:43,PM,1,0
2020-01-06,12:21,PM,1,1
2020-01-06,1:00,PM,0,1
2020-01-06,2:00,PM,0,1
2020-01-06,3:15,PM,0,1
2020-01-06,5:35,PM,0,1
2020-01-06,7:43,PM,1,1
2020-01-06,8:15,PM,0,1
2020-01-06,11:47,PM,1,1
2020-01-07,12:07,AM,0,1
2020-01-07,3:08,AM,0,1
2020-01-07,3:58,AM,0,1
2020-01-07,4:31,AM,1,0
2020-01-07,4:53,AM,1,1
2020-01-07,7:38,AM,0,1
2020-01-07,8:23,AM,0,1
2020-01-07,10:37,AM,1,1
2020-01-07,11:12,AM,1,0
2020-01-07,12:18,PM,1,1
2020-01-07,1:03,PM,0,1
2020-01-07,2:23,PM,1,1
2020-01-07,3:05,PM,0,1
2020-01-07,3:41,PM,0,1
2020-01-07,5:09,PM,1,0
2020-01-07,6:55,PM,1,0
2020-01-07,7:46,PM,0,1
2020-01-08,12:30,AM,0,1
2020-01-08,2:47,AM,0,1
2020-01-08,6:04,AM,0,1
2020-01-08,6:30,AM,1,1
2020-01-08,9:16,AM,1,0
2020-01-08,10:08,AM,0,1
2020-01-08,11:40,AM,1,1
2020-01-08,3:15,PM,0,1
2020-01-08,9:02,PM,1,1
2020-01-08,5:00,PM,0,1
2020-01-08,5:45,PM,0,1
2020-01-08,6:26,PM,0,1
2020-01-09,1:15,AM,0,1
2020-01-09,3:33,AM,1,0
2020-01-09,3:55,AM,1,0
2020-01-09,6:27,AM,0,1
2020-01-09,7:15,AM,1,1
2020-01-09,7:50,AM,0,1
2020-01-09,12:08,PM,0,1
2020-01-09,12:42,PM,0,1
2020-01-09,1:18,PM,0,1
2020-01-09,3:35,PM,1,1
2020-01-09,5:00,PM,0,1
2020-01-09,7:10,PM,0,1
2020-01-09,8:40,PM,1,0
2020-01-09,11:50,PM,1,1
2020-01-10,3:36,AM,0,1
2020-01-10,3:45,AM,1,0
2020-01-10,7:40,AM,0,1
2020-01-10,8:20,AM,0,1
2020-01-10,9:50,AM,0,1
2020-01-10,10:16,AM,0,1
2020-01-10,1:27,PM,0,1
2020-01-10,2:30,PM,0,1
2020-01-10,3:50,PM,1,1
2020-01-10,5:20,PM,0,1
2020-01-10,6:42,PM,0,1
2020-01-10,11:59,PM,0,1
2020-01-11,5:44,AM,0,1
2020-01-11,6:06,AM,1,1
2020-01-11,8:04,AM,0,1
2020-01-11,8:54,AM,1,0
2020-01-11,11:46,AM,0,1
2020-01-11,12:34,PM,1,0
2020-01-11,12:43,PM,0,1
2020-01-11,2:00,PM,0,1
2020-01-11,2:45,PM,0,1
2020-01-11,4:18,PM,0,1
2020-01-11,4:58,PM,1,1
2020-01-11,5:45,PM,0,1
2020-01-11,6:17,PM,0,1
2020-01-11,8:12,PM,1,0
2020-01-11,9:01,PM,0,1
2020-01-11,9:25,PM,1,0
2020-01-12,2:20,AM,0,1
2020-01-12,2:30,AM,1,0
2020-01-12,4:44,AM,0,1
2020-01-12,5:12,AM,1,0
2020-01-12,5:46,AM,0,1
2020-01-12,7:30,AM,0,1
2020-01-12,8:42,AM,0,1
2020-01-12,1:08,PM,0,1
2020-01-12,1:46,PM,0,1
2020-01-12,2:42,PM,0,1
2020-01-12,3:30,PM,0,1
2020-01-12,5:24,PM,0,1
2020-01-12,5:26,PM,0,1
2020-01-12,11:18,PM,0,1
2020-01-13,3:13,AM,0,1
2020-01-13,6:34,AM,1,1
2020-01-13,7:36,AM,0,1
2020-01-13,9:16,AM,0,1
2020-01-13,10:10,AM,1,0
2020-01-13,11:50,AM,0,1
2020-01-13,12:25,PM,0,1
2020-01-13,4:12,PM,0,1
2020-01-13,5:41,PM,1,1
2020-01-13,6:06,PM,0,1
2020-01-14,12:29,AM,1,1
2020-01-14,1:20,AM,0,1
2020-01-14,3:33,AM,0,1
2020-01-14,5:00,AM,0,1
2020-01-14,6:57,AM,0,1
2020-01-14,7:32,AM,1,1
2020-01-14,10:00,AM,1,1
2020-01-14,11:35,AM,0,1
2020-01-14,12:35,PM,0,1
2020-01-14,3:42,PM,0,1
2020-01-14,5:28,PM,0,1
2020-01-14,11:03,PM,0,1
2020-01-15,2:20,AM,0,1
2020-01-15,4:18,AM,1,1
2020-01-15,6:20,AM,1,1
2020-01-15,7:04,AM,0,1
2020-01-15,11:35,AM,0,1
2020-01-15,12:01,PM,0,1
2020-01-15,2:27,PM,0,1
2020-01-15,1:41,PM,0,1
2020-01-15,4:38,PM,0,1
2020-01-15,5:09,PM,1,1
2020-01-15,6:42,PM,0,1
2020-01-15,7:22,PM,0,1
2020-01-16,12:40,AM,0,1
2020-01-16,4:16,AM,0,1
2020-01-16,5:32,AM,0,1
2020-01-16,9:00,AM,0,1
2020-01-16,10:00,AM,0,1
2020-01-16,12:05,PM,0,1
2020-01-16,3:43,PM,0,1
2020-01-16,4:21,PM,0,1
2020-01-16,4:58,PM,0,1
2020-01-16,7:36,PM,0,1
2020-01-16,11:30,PM,1,1
2020-01-17,5:24,AM,0,1
2020-01-17,7:55,AM,1,1
2020-01-17,12:45,PM,0,1
2020-01-17,2:06,PM,0,1
2020-01-17,3:40,PM,0,1
2020-01-17,5:13,PM,0,1
2020-01-17,6:27,PM,0,1
2020-01-17,11:30,PM,0,1
2020-01-18,3:38,AM,0,1
2020-01-18,6:00,AM,1,1
2020-01-18,7:00,AM,0,1
2020-01-18,7:58,AM,1,1
2020-01-18,10:50,AM,0,1
2020-01-18,12:59,PM,0,1
2020-01-18,3:27,PM,0,1
2020-01-18,6:24,PM,0,1
2020-01-18,7:24,PM,0,1
2020-01-19,3:04,AM,0,1
2020-01-19,4:05,AM,0,1
2020-01-19,7:15,AM,0,1
2020-01-19,7:47,AM,0,1
2020-01-19,8:33,AM,0,1
2020-01-19,1:03,PM,0,1
2020-01-19,2:10,PM,0,1
2020-01-19,5:16,PM,0,1
2020-01-19,7:03,PM,0,1
2020-01-20,12:14,AM,0,1
2020-01-20,12:45,AM,1,0
2020-01-20,4:24,AM,0,1
2020-01-20,6:50,AM,0,1
2020-01-20,8:34,AM,0,1
2020-01-20,8:49,AM,1,1
2020-01-20,10:15,AM,1,1
2020-01-20,1:17,PM,0,1
2020-01-20,4:32,PM,0,1
2020-01-20,11:55,PM,0,1
2020-01-21,5:21,AM,0,1
2020-01-21,6:05,AM,0,1
2020-01-21,7:55,AM,0,1
2020-01-21,8:49,AM,1,1
2020-01-21,10:20,AM,0,1
2020-01-21,11:51,AM,0,1
2020-01-21,1:55,PM,0,1
2020-01-21,4:41,PM,0,1
2020-01-21,7:26,PM,0,1
2020-01-22,12:16,AM,0,1
2020-01-22,5:22,AM,0,1
2020-01-22,9:10,AM,0,1
2020-01-22,12:27,PM,1,1
2020-01-22,1:08,PM,0,1
2020-01-22,1:50,PM,1,1
2020-01-22,3:17,PM,0,1
2020-01-22,4:56,PM,0,1
2020-01-22,7:20,PM,0,1
2020-01-23,1:20,AM,0,1
2020-01-23,7:06,AM,0,1
2020-01-23,8:30,AM,0,1
2020-01-23,10:16,AM,1,1
2020-01-23,11:30,AM,0,1
2020-01-23,2:45,PM,0,1
2020-01-23,4:49,PM,0,1
2020-01-23,7:28,PM,0,1
2020-01-24,2:08,AM,1,1
2020-01-24,7:00,AM,0,1
2020-01-24,9:08,AM,0,1
2020-01-24,12:30,PM,0,1
2020-01-24,1:45,PM,0,1
2020-01-24,5:10,PM,0,1
2020-01-24,7:33,PM,0,1
2020-01-24,11:36,PM,0,1
2020-01-25,4:42,AM,0,1
2020-01-25,8:20,AM,0,1
2020-01-25,10:10,AM,0,1
2020-01-25,1:07,PM,0,1
2020-01-25,1:36,PM,0,1
2020-01-25,3:08,PM,0,1
2020-01-25,7:29,PM,0,1
2020-01-25,2:00,PM,0,1
2020-01-25,5:50,PM,0,1
2020-01-25,8:15,PM,0,1
2020-01-26,12:30,AM,0,1
2020-01-26,5:50,AM,0,1
2020-01-26,8:15,AM,0,1
2020-01-26,12:20,PM,0,1
2020-01-26,1:45,PM,0,1
2020-01-26,4:30,PM,0,1
2020-01-26,6:00,PM,0,1
2020-01-27,4:56,AM,0,1
2020-01-27,7:03,AM,0,1
2020-01-27,7:44,AM,0,1
2020-01-27,8:40,AM,0,1
2020-01-27,11:20,AM,0,1
2020-01-27,12:45,PM,0,1
2020-01-27,5:05,PM,0,1
2020-01-27,6:12,PM,0,1
2020-01-27,11:30,PM,0,1
2020-01-28,4:10,AM,0,1
2020-01-28,7:39,AM,0,1
2020-01-28,11:56,AM,0,1
2020-01-28,1:15,PM,0,1
2020-01-28,1:38,PM,0,1
2020-01-28,3:39,PM,0,1
2020-01-28,5:06,PM,0,1
2020-01-29,1:10,AM,0,1
2020-01-29,4:37,AM,0,1
2020-01-29,8:43,AM,0,1
2020-01-29,10:40,AM,1,1
2020-01-29,11:58,AM,0,1
2020-01-29,1:16,PM,0,1
2020-01-29,4:19,PM,0,1
2020-01-29,7:48,PM,0,1
2020-01-30,5:52,AM,0,1
2020-01-30,7:45,AM,0,1
2020-01-30,8:25,AM,0,1
2020-01-30,11:14,AM,0,1
2020-01-30,2:52,PM,1,1
2020-01-30,4:27,PM,0,1
2020-01-30,7:05,PM,0,1
2020-01-31,1:40,AM,0,1
2020-01-31,6:09,AM,0,1
2020-01-31,7:21,AM,0,1
2020-01-31,9:23,AM,1,1
2020-01-31,10:30,AM,0,1
2020-01-31,12:10,PM,0,1
2020-01-31,3:29,PM,1,1
2020-01-31,6:45,PM,0,1
2020-02-01,2:30,AM,1,1
2020-02-01,6:00,AM,0,1
2020-02-01,8:18,AM,0,1
2020-02-01,9:24,AM,1,1
2020-02-01,10:50,AM,0,1
2020-02-01,12:27,PM,0,1
2020-02-01,2:57,PM,0,1
2020-02-01,7:36,PM,0,1
2020-02-02,2:43,AM,0,1
2020-02-02,7:20,AM,1,1
2020-02-02,8:50,AM,0,1
2020-02-02,10:15,AM,1,1
2020-02-02,11:40,AM,1,1
2020-02-02,3:10,PM,0,1
2020-02-02,6:25,PM,0,1
2020-02-02,8:00,PM,0,1
2020-02-02,11:40,PM,0,1
2020-02-03,3:24,AM,0,1
2020-02-03,7:55,AM,1,1
2020-02-03,10:55,AM,1,1
2020-02-03,12:30,PM,0,1
2020-02-03,2:26,PM,1,1
2020-02-03,3:30,PM,0,1
2020-02-03,4:37,PM,0,1
2020-02-03,7:22,PM,0,1
2020-02-04,1:20,AM,1,1
2020-02-04,5:23,AM,0,1
2020-02-04,7:30,AM,1,1
2020-02-04,9:41,AM,0,1
2020-02-04,12:34,PM,0,1
2020-02-04,1:37,PM,1,1
2020-02-04,1:57,PM,0,1
2020-02-04,3:11,PM,1,1
2020-02-04,4:57,PM,0,1
2020-02-05,1:45,AM,1,1
2020-02-05,5:24,AM,0,1
2020-02-05,8:31,AM,1,1
2020-02-05,9:15,AM,1,1
2020-02-05,10:45,AM,1,1
2020-02-05,12:42,PM,0,1
2020-02-05,1:28,PM,1,0
2020-02-05,1:35,PM,1,1
2020-02-05,3:15,PM,0,0
2020-02-05,3:20,PM,1,1
2020-02-05,4:28,PM,1,1
2020-02-06,1:20,AM,0,1
2020-02-06,5:09,AM,1,1
2020-02-06,8:31,AM,1,1
2020-02-06,9:45,AM,0,1
2020-02-06,12:08,PM,1,1
2020-02-06,2:43,PM,1,1
2020-02-06,3:55,PM,1,1
2020-02-06,5:25,PM,0,1
2020-02-06,6:13,PM,1,0
2020-02-06,7:15,PM,0,1
2020-02-07,1:40,AM,1,1
2020-02-07,8:21,AM,0,1
2020-02-07,8:54,AM,1,1
2020-02-07,9:20,AM,1,1
2020-02-07,11:46,AM,1,1
2020-02-07,2:10,PM,1,1
2020-02-07,3:35,PM,0,1
2020-02-07,7:05,PM,0,1
2020-02-07,11:30,PM,1,1
2020-02-08,4:59,AM,0,1
2020-02-08,8:20,AM,0,1
2020-02-08,10:00,AM,0,1
2020-02-08,11:19,AM,1,1
2020-02-08,12:30,PM,0,1
2020-02-08,2:28,PM,0,1
2020-02-08,3:38,PM,0,1
2020-02-08,4:00,PM,0,1
2020-02-08,6:51,PM,0,1
2020-02-09,1:30,AM,1,1
2020-02-09,1:40,AM,1,0
2020-02-09,1:45,AM,1,0
2020-02-09,5:08,AM,1,1
2020-02-09,7:57,AM,0,1
2020-02-09,9:07,AM,0,1
2020-02-09,10:18,AM,1,1
2020-02-09,11:10,AM,0,1
2020-02-09,12:30,PM,1,1
2020-02-09,3:48,PM,1,1
2020-02-09,7:15,PM,0,1
2020-02-09,11:25,PM,1,1
2020-02-10,3:00,AM,0,1
2020-02-10,7:15,AM,0,1
2020-02-10,8:31,AM,1,1
2020-02-10,9:57,AM,1,1
2020-02-10,11:45,AM,0,1
2020-02-10,12:43,PM,0,1
2020-02-10,1:58,PM,0,1
2020-02-10,2:00,PM,0,1
2020-02-10,3:28,PM,0,1
2020-02-10,4:50,PM,0,1
2020-02-10,7:19,PM,0,1
2020-02-10,11:30,PM,1,1
2020-02-11,3:33,AM,1,1
2020-02-11,6:00,AM,0,1
2020-02-11,6:15,AM,0,1
2020-02-11,7:15,AM,0,1
2020-02-11,9:20,AM,1,1
2020-02-11,11:05,AM,0,1
2020-02-11,1:06,PM,0,1
2020-02-11,2:50,PM,0,1
2020-02-11,4:04,PM,0,1
2020-02-11,7:00,PM,0,1
2020-02-12,1:00,AM,0,1
2020-02-12,3:56,AM,0,1
2020-02-12,7:41,AM,0,1
2020-02-12,9:27,AM,1,1
2020-02-12,10:32,AM,1,1
2020-02-12,12:44,PM,0,1
2020-02-12,1:50,PM,0,1
2020-02-12,3:10,PM,0,1
2020-02-12,5:16,PM,0,1
2020-02-12,6:15,PM,1,1
2020-02-12,7:23,PM,0,1
2020-02-13,12:40,AM,0,1
2020-02-13,4:41,AM,0,1
2020-02-13,8:12,AM,1,1
2020-02-13,9:40,AM,0,1
2020-02-13,11:00,AM,1,1
2020-02-13,1:03,PM,0,1
2020-02-13,4:15,PM,0,1
2020-02-13,6:00,PM,0,1
2020-02-13,7:10,PM,0,1
2020-02-13,7:45,PM,0,1
2020-02-14,2:45,AM,1,1
2020-02-14,7:19,AM,0,1
2020-02-14,8:35,AM,0,1
2020-02-14,9:00,AM,0,1
2020-02-14,10:24,AM,1,1
2020-02-14,12:00,PM,0,1
2020-02-14,2:02,PM,0,1
2020-02-14,3:39,PM,0,1
2020-02-14,6:24,PM,0,1
2020-02-15,1:00,AM,0,1
2020-02-15,3:50,AM,1,1
2020-02-15,7:30,AM,1,1
2020-02-15,8:48,AM,0,1
2020-02-15,10:57,AM,1,1
2020-02-15,11:57,AM,0,1
2020-02-15,1:15,PM,0,1
2020-02-15,3:53,PM,0,1
2020-02-15,5:30,PM,0,1
2020-02-15,6:35,PM,0,1
2020-02-15,7:43,PM,0,1
2020-02-16,1:30,AM,0,1
2020-02-16,6:55,AM,0,1
2020-02-16,8:00,AM,0,1
2020-02-16,9:52,AM,0,1
2020-02-16,12:09,PM,1,1
2020-02-16,3:11,PM,0,1
2020-02-16,5:10,PM,0,1
2020-02-16,6:16,PM,0,1
2020-02-17,1:55,AM,1,1
2020-02-17,6:12,AM,1,1
2020-02-17,7:58,AM,0,1
2020-02-17,10:17,AM,1,1
2020-02-17,11:57,AM,1,1
2020-02-17,1:27,PM,0,1
2020-02-17,4:11,PM,0,1
2020-02-17,5:30,PM,0,1
2020-02-17,7:02,PM,0,1
2020-02-17,10:35,PM,0,1
2020-02-18,4:22,AM,0,1
2020-02-18,8:20,AM,1,1
2020-02-18,10:01,AM,0,1
2020-02-18,1:21,PM,0,1
2020-02-18,3:40,PM,0,1
2020-02-18,5:15,PM,0,1
2020-02-18,6:50,PM,0,1
2020-02-19,12:10,AM,0,1
2020-02-19,3:25,AM,0,1
2020-02-19,7:13,AM,1,1
2020-02-19,8:24,AM,0,1
2020-02-19,9:58,AM,0,1
2020-02-19,10:08,AM,0,1
2020-02-19,11:29,AM,0,1
2020-02-19,12:32,PM,0,1
2020-02-19,1:47,PM,0,1
2020-02-19,6:57,PM,0,1
2020-02-20,12:30,AM,0,1
2020-02-20,5:35,AM,0,1
2020-02-20,8:04,AM,1,1
2020-02-20,9:28,AM,0,1
2020-02-20,11:24,AM,0,1
2020-02-20,11:50,AM,1,1
2020-02-20,2:20,PM,0,1
2020-02-20,6:50,PM,0,1
2020-02-21,2:30,AM,1,1
2020-02-21,6:25,AM,0,1
2020-02-21,7:35,AM,0,1
2020-02-21,9:14,AM,1,1
2020-02-21,10:52,AM,0,1
2020-02-21,1:35,PM,0,1
2020-02-21,3:55,PM,1,1
2020-02-21,6:36,PM,0,1
2020-02-22,12:30,AM,0,1
2020-02-22,6:03,AM,0,1
2020-02-22,7:40,AM,0,1
2020-02-22,10:44,AM,0,1
2020-02-22,1:18,PM,1,1
2020-02-22,2:40,PM,0,1
2020-02-22,3:33,PM,0,1
2020-02-22,6:30,PM,0,1
2020-02-23,2:30,AM,0,1
2020-02-23,6:55,AM,0,1
2020-02-23,8:11,AM,1,1
2020-02-23,9:40,AM,1,1
2020-02-23,2:15,PM,0,1
2020-02-23,5:10,PM,1,1
2020-02-23,7:36,PM,0,1
2020-02-24,1:45,AM,0,1
2020-02-24,6:56,AM,0,1
2020-02-24,8:24,AM,0,1
2020-02-24,10:10,AM,1,1
2020-02-24,11:40,AM,0,1
2020-02-24,3:30,PM,0,1
2020-02-24,7:27,PM,0,1
2020-02-25,12:05,AM,0,1
2020-02-25,5:37,AM,0,1
2020-02-25,7:25,AM,1,1
2020-02-25,8:50,AM,0,1
2020-02-25,10:20,AM,0,1
2020-02-25,12:52,PM,0,1
2020-02-25,3:00,PM,0,1
2020-02-25,5:56,PM,0,1
2020-02-26,12:40,AM,0,1
2020-02-26,5:00,AM,0,1
2020-02-26,7:05,AM,1,1
2020-02-26,9:13,AM,0,1
2020-02-26,10:55,AM,1,1
2020-02-26,2:35,PM,0,1
2020-02-26,6:00,PM,0,1
2020-02-26,7:50,PM,0,1
2020-02-27,12:19,AM,0,1
2020-02-27,4:30,AM,1,1
2020-02-27,6:30,AM,0,1
2020-02-27,9:00,AM,0,1
2020-02-27,9:45,AM,0,1
2020-02-27,12:20,PM,0,1
2020-02-27,1:35,PM,0,1
2020-02-27,3:25,PM,0,1
2020-02-27,6:00,PM,0,1
2020-02-27,7:31,PM,0,1
2020-02-28,12:01,AM,0,1
2020-02-28,5:49,AM,1,1
2020-02-28,8:30,AM,0,1
2020-02-28,10:30,AM,0,1
2020-02-28,1:05,PM,1,1
2020-02-28,4:45,PM,0,1
2020-02-28,6:59,PM,0,1
2020-02-29,3:40,AM,0,1
2020-02-29,6:52,AM,0,1
2020-02-29,7:57,AM,0,1
2020-02-29,11:30,AM,1,1
2020-02-29,1:34,PM,0,1
2020-02-29,3:00,PM,0,1
2020-02-29,6:05,PM,0,1
2020-02-29,8:22,PM,0,1
2020-03-01,2:30,AM,0,0
2020-03-01,7:00,AM,1,1
2020-03-01,8:55,AM,0,1
2020-03-01,9:52,AM,1,1
2020-03-01,10:50,AM,1,1
2020-03-01,2:00,PM,0,1
2020-03-01,4:40,PM,0,1
2020-03-01,8:25,PM,0,1
2020-03-02,2:00,AM,0,1
2020-03-02,6:50,AM,1,1
2020-03-02,9:21,AM,1,1
2020-03-02,10:55,AM,0,1
2020-03-02,1:40,PM,0,1
2020-03-02,5:00,PM,0,1
2020-03-02,7:30,PM,0,1
2020-03-03,1:30,AM,0,1
2020-03-03,7:15,AM,0,1
2020-03-03,9:10,AM,0,1
2020-03-03,9:25,AM,1,1
2020-03-03,10:30,AM,1,1
2020-03-03,12:13,PM,0,1
2020-03-03,3:05,PM,0,1
2020-03-03,5:30,PM,0,1
2020-03-03,6:30,PM,0,1
2020-03-04,7:00,AM,1,1
2020-03-04,8:57,AM,1,1
2020-03-04,9:21,AM,0,1
2020-03-04,12:00,PM,0,1
2020-03-04,1:33,PM,1,1
2020-03-04,3:10,PM,0,1
2020-03-04,4:42,PM,0,1
2020-03-04,6:00,PM,0,1
2020-03-04,11:33,PM,1,1
2020-03-05,4:57,AM,0,1
2020-03-05,7:00,AM,1,1
2020-03-05,8:40,AM,0,1
2020-03-05,11:15,AM,0,1
2020-03-05,1:50,PM,0,1
2020-03-05,4:40,PM,0,1
2020-03-05,6:55,PM,0,1
2020-03-05,7:50,PM,0,1
2020-03-06,4:07,AM,1,1
2020-03-06,6:30,AM,0,1
2020-03-06,8:13,AM,0,1
2020-03-06,10:45,AM,0,1
2020-03-06,1:20,PM,0,1
2020-03-06,5:00,PM,0,1
2020-03-06,7:00,PM,0,1
2020-03-06,10:00,PM,0,1
2020-03-07,4:00,AM,0,1
2020-03-07,4:55,AM,0,1
2020-03-07,6:30,AM,1,1
2020-03-07,9:50,AM,0,1
2020-03-07,12:55,PM,0,1
2020-03-07,2:25,PM,0,1
2020-03-07,6:50,PM,0,1
2020-03-07,11:30,PM,0,1
2020-03-08,6:30,AM,1,1
2020-03-08,9:00,AM,0,1
2020-03-08,12:15,PM,0,1
2020-03-08,3:50,PM,0,1
2020-03-08,7:00,PM,0,1
2020-03-09,12:10,AM,0,1
2020-03-09,5:10,AM,1,1
2020-03-09,8:25,AM,0,1
2020-03-09,10:30,AM,0,1
2020-03-09,1:00,PM,0,1
2020-03-09,3:50,PM,0,1
2020-03-09,7:00,PM,0,1
2020-03-10,2:00,AM,0,1
2020-03-10,6:22,AM,0,1
2020-03-10,8:00,AM,1,1
2020-03-10,8:34,AM,1,1
2020-03-10,11:25,AM,0,1
2020-03-10,2:00,PM,0,1
2020-03-10,5:10,PM,0,1
2020-03-10,7:40,PM,0,1
2020-03-11,1:40,AM,0,1
2020-03-11,4:50,AM,0,1
2020-03-11,7:51,AM,1,1
2020-03-11,9:50,AM,0,1
2020-03-11,1:00,PM,0,1
2020-03-11,3:10,PM,0,1
2020-03-11,5:50,PM,0,1
2020-03-11,7:06,PM,0,1
2020-03-11,11:30,PM,0,1
2020-03-12,7:10,AM,0,1
2020-03-12,8:25,AM,0,1
2020-03-12,8:50,AM,1,1
2020-03-12,10:50,AM,1,1
2020-03-12,12:10,PM,0,1
2020-03-12,2:55,PM,0,1
2020-03-12,5:50,PM,0,1
2020-03-12,6:50,PM,0,1
2020-03-13,1:00,AM,0,1
2020-03-13,7:00,AM,0,1
2020-03-13,8:45,AM,0,1
2020-03-13,9:55,AM,1,1
2020-03-13,1:30,PM,0,1
2020-03-13,2:47,PM,0,1
2020-03-13,3:56,PM,0,1
2020-03-13,7:20,PM,0,1
2020-03-13,10:15,PM,0,1
2020-03-14,3:50,AM,0,1
2020-03-14,7:30,AM,0,1
2020-03-14,8:30,AM,0,1
2020-03-14,10:10,AM,1,1
2020-03-14,1:45,PM,0,1
2020-03-14,8:50,PM,0,1
2020-03-15,1:50,AM,0,1
2020-03-15,7:40,AM,0,1
2020-03-15,8:10,AM,1,1
2020-03-15,10:05,AM,1,0
2020-03-15,2:05,PM,0,1
2020-03-15,8:20,PM,1,0
2020-03-16,2:10,AM,0,1
2020-03-16,6:15,AM,1,1
2020-03-16,7:50,AM,0,1
2020-03-16,9:10,AM,1,1
2020-03-16,11:30,AM,1,1
2020-03-16,2:10,PM,0,1
2020-03-16,4:15,PM,0,1
2020-03-16,7:00,PM,0,1
2020-03-17,3:40,AM,0,1
2020-03-17,7:05,AM,1,1
2020-03-17,8:30,AM,0,1
2020-03-17,9:09,AM,0,1
2020-03-17,11:55,AM,0,1
2020-03-17,12:40,PM,0,1
2020-03-17,2:30,PM,0,1
2020-03-17,5:10,PM,0,1
2020-03-17,7:33,PM,0,1
2020-03-17,11:00,PM,0,1
2020-03-18,3:30,AM,1,0
2020-03-18,7:20,AM,0,1
2020-03-18,8:20,AM,0,1
2020-03-18,9:20,AM,0,1
2020-03-18,12:53,PM,0,1
2020-03-18,3:45,PM,0,1
2020-03-18,6:47,PM,0,1
2020-03-19,1:20,AM,0,1
2020-03-19,6:30,AM,0,1
2020-03-19,7:10,AM,1,1
2020-03-19,8:30,AM,1,1
2020-03-19,10:20,AM,0,1
2020-03-19,12:50,PM,0,1
2020-03-19,6:50,PM,0,1
2020-03-19,11:40,PM,0,1
2020-03-20,3:10,AM,1,1
2020-03-20,6:40,AM,0,1
2020-03-20,9:00,AM,0,1
2020-03-20,1:30,PM,0,1
2020-03-20,5:50,PM,0,1
2020-03-20,11:16,PM,0,1
2020-03-21,7:50,AM,1,1
2020-03-21,9:55,AM,0,1
2020-03-21,4:20,AM,0,1
2020-03-21,12:30,PM,0,1
2020-03-21,3:50,PM,0,1
2020-03-21,7:10,PM,0,1
2020-03-22,12:30,AM,0,1
2020-03-22,7:00,AM,1,1
2020-03-22,8:30,AM,0,1
2020-03-22,12:00,PM,0,1
2020-03-22,3:00,PM,0,1
2020-03-22,3:30,PM,0,1
2020-03-22,6:20,PM,0,1
2020-03-22,10:20,PM,0,1
2020-03-23,4:14,AM,0,1
2020-03-23,7:40,AM,0,1
2020-03-23,9:30,AM,0,1
2020-03-23,1:37,PM,1,1
2020-03-23,10:15,PM,0,1
2020-03-24,3:02,AM,0,1
2020-03-24,6:00,AM,0,1
2020-03-24,9:50,AM,0,1
2020-03-24,11:00,AM,1,1
2020-03-24,12:55,PM,0,1
2020-03-24,4:00,PM,0,1
2020-03-24,6:45,PM,0,1
2020-03-24,10:50,PM,0,1
2020-03-25,2:42,AM,0,1
2020-03-25,6:30,AM,0,1
2020-03-25,10:20,AM,0,1
2020-03-25,11:25,AM,1,1
2020-03-25,1:05,PM,0,1
2020-03-25,3:40,PM,0,1
2020-03-25,7:02,PM,0,1
2020-03-26,1:30,AM,0,1
2020-03-26,5:18,AM,0,1
2020-03-26,7:35,AM,0,1
2020-03-26,8:20,AM,1,0
2020-03-26,12:00,PM,0,1
2020-03-26,2:50,PM,0,1
2020-03-26,5:20,PM,0,1
2020-03-26,6:25,PM,0,1
2020-03-26,11:20,PM,0,1
2020-03-27,4:55,AM,0,1
2020-03-27,8:05,AM,0,1
2020-03-27,10:00,AM,0,1
2020-03-27,12:50,PM,0,1
2020-03-27,3:35,PM,0,1
2020-03-27,6:50,PM,0,1
2020-03-27,11:20,PM,0,1
2020-03-28,4:30,AM,0,1
2020-03-28,7:42,AM,0,1
2020-03-28,9:20,AM,0,1
2020-03-28,10:35,AM,0,1
2020-03-28,12:35,PM,0,1
2020-03-28,3:00,PM,0,1
2020-03-28,6:38,PM,0,1
2020-03-28,4:40,PM,0,1
2020-03-28,9:00,PM,0,1
2020-03-29,6:10,AM,0,1
2020-03-29,10:25,AM,0,1
2020-03-29,11:50,AM,0,1
2020-03-29,3:05,PM,0,1
2020-03-29,6:20,PM,0,1
2020-03-30,3:40,AM,0,1
2020-03-30,6:10,AM,0,1
2020-03-30,7:50,AM,1,1
2020-03-30,9:40,AM,0,1
2020-03-30,12:35,PM,1,1
2020-03-30,3:50,PM,0,1
2020-03-30,7:00,PM,0,1
2020-03-30,11:40,PM,0,1
2020-03-30,7:10,PM,0,1
2020-03-31,4:58,AM,0,1
2020-03-31,8:40,AM,0,1
2020-03-31,11:30,AM,1,1
2020-03-31,2:51,PM,0,1
2020-03-31,6:20,PM,0,1
2020-04-01,3:50,AM,0,1
2020-04-01,7:00,AM,0,1
2020-04-01,8:55,AM,0,1
2020-04-01,10:20,AM,1,1
2020-04-01,2:20,PM,0,1
2020-04-01,4:45,PM,0,1
2020-04-01,6:20,PM,0,1
2020-04-01,11:59,PM,0,1
2020-04-02,5:27,AM,0,1
2020-04-02,10:15,AM,0,1
2020-04-02,8:35,AM,0,1
2020-04-02,1:50,PM,0,1
2020-04-02,3:10,PM,0,1
2020-04-02,3:50,PM,1,1
2020-04-02,5:20,PM,1,1
2020-04-02,7:20,PM,1,1
2020-04-02,11:40,PM,0,1
2020-04-03,4:27,AM,0,1
2020-04-03,7:20,AM,1,1
2020-04-03,9:18,AM,0,1
2020-04-03,11:45,AM,0,1
2020-04-03,3:37,PM,0,1
2020-04-03,5:00,PM,0,1
2020-04-03,6:20,PM,0,1
2020-04-04,1:40,AM,0,1
2020-04-04,5:07,AM,1,1
2020-04-04,6:45,AM,0,1
2020-04-04,9:45,AM,0,1
2020-04-04,11:38,AM,0,1
2020-04-04,12:33,PM,0,1
2020-04-04,2:40,PM,0,1
2020-04-04,6:39,PM,1,1
2020-04-05,1:40,AM,0,1
2020-04-05,7:30,AM,0,1
2020-04-05,9:00,AM,1,1
2020-04-05,9:20,AM,0,1
2020-04-05,12:42,PM,0,1
2020-04-05,3:31,PM,1,1
2020-04-05,7:30,PM,0,1
2020-04-06,1:30,AM,0,1
2020-04-06,6:59,AM,0,1
2020-04-06,9:50,AM,1,1
2020-04-06,11:46,AM,0,1
2020-04-06,1:30,PM,0,1
2020-04-06,5:25,PM,1,1
2020-04-06,6:30,PM,0,1
2020-04-07,3:30,AM,0,1
2020-04-07,7:00,AM,0,1
2020-04-07,8:50,AM,0,1
2020-04-07,11:27,AM,1,1
2020-04-07,2:55,PM,0,1
2020-04-07,6:00,PM,1,1
2020-04-08,3:21,AM,0,1
2020-04-08,7:37,AM,0,1
2020-04-08,9:20,AM,0,1
2020-04-08,12:14,PM,0,1
2020-04-08,3:10,PM,0,1
2020-04-08,5:40,PM,1,1
2020-04-08,11:30,PM,0,1
2020-04-09,5:50,AM,1,1
2020-04-09,7:40,AM,0,1
2020-04-09,10:45,AM,0,1
2020-04-09,1:30,PM,0,1
2020-04-09,4:00,PM,0,1
2020-04-09,7:10,PM,0,1
2020-04-10,2:30,AM,0,1
2020-04-10,7:15,AM,1,1
2020-04-10,9:00,AM,0,1
2020-04-10,12:05,PM,1,1
2020-04-10,2:35,PM,1,1
2020-04-10,3:40,PM,0,1
2020-04-10,6:43,PM,0,1
2020-04-11,3:20,AM,0,1
2020-04-11,6:40,AM,0,1
2020-04-11,8:20,AM,0,1
2020-04-11,11:20,AM,0,1
2020-04-11,12:56,PM,1,1
2020-04-11,2:50,PM,0,1
2020-04-11,6:30,PM,0,1
2020-04-12,1:10,AM,0,1
2020-04-12,6:40,AM,1,1
2020-04-12,8:35,AM,0,1
2020-04-12,11:41,AM,0,1
2020-04-12,2:50,PM,0,1
2020-04-12,5:00,PM,0,1
2020-04-12,6:40,PM,0,1
2020-04-13,2:25,AM,0,1
2020-04-13,6:41,AM,1,1
2020-04-13,8:37,AM,0,1
2020-04-13,11:15,AM,0,1
2020-04-13,1:58,PM,0,1
2020-04-13,5:00,PM,0,1
2020-04-13,7:00,PM,0,1
2020-04-14,5:30,AM,0,1
2020-04-14,7:00,AM,0,1
2020-04-14,10:07,AM,0,1
2020-04-14,10:25,AM,1,1
2020-04-14,11:40,AM,0,1
2020-04-14,2:45,PM,0,1
2020-04-14,4:00,PM,0,1
2020-04-14,6:24,PM,1,1
2020-04-15,4:20,AM,0,1
2020-04-15,6:35,AM,0,1
2020-04-15,8:27,AM,0,1
2020-04-15,4:20,AM,0,1
2020-04-15,9:00,AM,1,1
2020-04-15,2:43,AM,0,1
2020-04-15,6:25,AM,0,1
2020-04-16,4:20,AM,0,1
2020-04-16,7:06,AM,1,1
2020-04-16,9:51,AM,0,1
2020-04-16,12:10,PM,1,1
2020-04-16,1:33,PM,0,1
2020-04-16,6:00,PM,1,1
2020-04-16,7:23,PM,0,1
2020-04-17,4:00,AM,0,1
2020-04-17,6:30,AM,1,1
2020-04-17,7:24,AM,0,1
2020-04-17,10:56,AM,0,1
2020-04-17,1:48,PM,0,1
2020-04-17,4:38,PM,0,1
2020-04-17,7:23,PM,0,1
2020-04-18,1:40,AM,0,1
2020-04-18,6:00,AM,0,1
2020-04-18,7:40,AM,0,1
2020-04-18,8:57,AM,1,1
2020-04-18,10:50,AM,0,1
2020-04-18,2:00,PM,0,1
2020-04-18,4:45,PM,0,1
2020-04-18,6:00,PM,0,1
2020-04-18,7:06,PM,1,1
2020-04-19,5:00,AM,0,1
2020-04-19,7:00,AM,0,1
2020-04-19,8:50,AM,0,1
2020-04-19,12:10,PM,1,1
2020-04-19,1:35,PM,0,1
2020-04-19,4:28,PM,0,1
2020-04-19,7:00,PM,1,1
2020-04-20,5:25,AM,0,1
2020-04-20,7:14,AM,0,1
2020-04-20,8:18,AM,0,1
2020-04-20,11:17,AM,0,1
2020-04-20,1:50,PM,1,1
2020-04-20,3:50,PM,1,1
2020-04-20,6:30,PM,0,1
2020-04-21,3:30,AM,0,1
2020-04-21,6:10,AM,0,1
2020-04-21,7:50,AM,0,s
2020-04-21,11:30,AM,0,1
2020-04-21,1:45,PM,0,1
2020-04-21,4:14,PM,0,1
2020-04-21,6:43,PM,0,1
2020-04-22,3:45,AM,0,1
2020-04-22,6:20,AM,1,1
2020-04-22,8:20,AM,0,1
2020-04-22,11:05,AM,0,1
2020-04-22,2:30,PM,0,1
2020-04-22,4:10,PM,0,1
2020-04-22,7:20,PM,0,1
2020-04-23,4:50,AM,0,1
2020-04-23,7:05,AM,0,1
2020-04-23,8:10,AM,0,1
2020-04-23,11:06,AM,0,1
2020-04-23,12:20,PM,1,1
2020-04-23,2:10,PM,0,1
2020-04-23,5:55,PM,0,1
2020-04-23,7:00,PM,0,1
2020-04-24,3:10,AM,0,1
2020-04-24,5:24,AM,0,1
2020-04-24,7:10,AM,0,1
2020-04-24,10:24,AM,0,1
2020-04-24,2:00,PM,0,1
2020-04-24,3:50,PM,0,1
2020-04-24,6:20,PM,1,1
2020-04-25,4:50,AM,0,1
2020-04-25,7:44,AM,0,1
2020-04-25,9:40,AM,0,1
2020-04-25,11:43,AM,0,1
2020-04-25,1:45,PM,0,1
2020-04-25,3:37,PM,0,1
2020-04-25,5:15,PM,1,1
2020-04-25,6:40,PM,0,1
2020-04-26,4:25,AM,0,1
2020-04-26,7:20,AM,0,1
2020-04-26,9:10,AM,0,1
2020-04-26,11:00,AM,0,1
2020-04-26,12:37,PM,1,1
2020-04-26,2:30,PM,0,1
2020-04-26,5:00,PM,0,1
2020-04-26,6:50,PM,0,1
2020-04-27,5:10,PM,0,1
2020-04-27,7:07,AM,1,0
2020-04-27,7:48,AM,0,1
2020-04-27,10:30,AM,0,1
2020-04-27,1:23,PM,0,1
2020-04-27,3:20,PM,1,1
2020-04-27,6:30,PM,0,1
2020-04-28,3:55,AM,0,1
2020-04-28,6:44,AM,0,1
2020-04-28,7:40,AM,0,1
2020-04-28,11:15,AM,0,1
2020-04-28,3:00,PM,0,1
2020-04-28,4:10,PM,1,1
2020-04-28,6:55,PM,0,1
2020-04-29,3:40,AM,0,1
2020-04-29,7:00,AM,0,1
2020-04-29,8:56,AM,0,1
2020-04-29,1:30,PM,0,1
2020-04-29,2:10,PM,1,1
2020-04-29,3:00,PM,0,1
2020-04-29,6:38,PM,0,1
2020-04-30,4:33,AM,0,1
2020-04-30,7:01,AM,1,1
2020-04-30,8:52,AM,0,1
2020-04-30,11:10,AM,0,1
2020-04-30,11:20,AM,1,0
2020-04-30,1:30,PM,0,1
2020-04-30,3:35,PM,0,1
2020-04-30,5:10,PM,0,1
2020-04-30,7:00,PM,0,1
2020-05-01,5:25,AM,0,1
2020-05-01,7:00,AM,1,0
2020-05-01,10:20,AM,0,1
2020-05-01,1:45,PM,0,1
2020-05-01,3:40,PM,0,1
2020-05-01,4:40,PM,1,1
2020-05-01,7:45,PM,0,1
2020-05-02,3:15,AM,0,1
2020-05-02,7:50,AM,0,1
2020-05-02,11:34,AM,0,1
2020-05-02,11:55,AM,0,1
2020-05-02,1:42,PM,0,1
2020-05-02,3:40,PM,0,1
2020-05-02,4:08,PM,1,1
2020-05-02,6:11,PM,0,1
2020-05-03,4:21,AM,0,1
2020-05-03,8:57,AM,0,1
2020-05-03,10:45,AM,1,1
2020-05-03,11:50,AM,0,1
2020-05-03,3:15,PM,0,1
2020-05-03,6:10,PM,0,1
2020-05-03,7:20,PM,0,1
2020-05-04,4:55,AM,0,1
2020-05-04,7:33,AM,1,1
2020-05-04,9:25,AM,0,1
2020-05-04,11:12,AM,0,1
2020-05-04,1:05,PM,0,1
2020-05-04,2:15,PM,0,1
2020-05-04,6:00,PM,0,1
2020-05-04,7:21,PM,0,1
2020-05-05,6:20,AM,0,1
2020-05-05,8:17,AM,0,1
2020-05-05,11:00,AM,0,1
2020-05-05,12:15,PM,1,1
2020-05-05,2:10,PM,0,1
2020-05-05,6:30,PM,0,1
2020-05-06,5:50,AM,0,1
2020-05-06,7:57,AM,0,1
2020-05-06,9:40,AM,0,1
2020-05-06,11:50,AM,0,1
2020-05-06,11:52,AM,1,0
2020-05-06,2:55,PM,0,1
2020-05-06,4:17,PM,1,1
2020-05-06,7:50,PM,0,1
2020-05-07,5:50,AM,0,1
2020-05-07,7:25,AM,0,1
2020-05-07,9:16,AM,0,1
2020-05-07,11:00,AM,0,1
2020-05-07,12:10,PM,1,1
2020-05-07,1:57,PM,0,1
2020-05-07,4:30,PM,0,1
2020-05-07,6:10,PM,1,1
2020-05-08,6:20,AM,0,1
2020-05-08,7:49,AM,0,1
2020-05-08,10:46,AM,0,1
2020-05-08,1:10,PM,0,1
2020-05-08,2:50,PM,0,1
2020-05-08,6:30,PM,1,1
2020-05-08,5:40,AM,0,1
2020-05-09,6:11,AM,1,1
2020-05-09,7:30,AM,0,1
2020-05-09,10:00,AM,0,1
2020-05-09,12:42,PM,0,1
2020-05-09,2:38,PM,0,1
2020-05-09,5:00,PM,1,1
2020-05-09,7:00,PM,0,1
2020-05-10,5:25,AM,0,1
2020-05-10,7:50,AM,0,1
2020-05-10,9:12,AM,0,1
2020-05-10,11:14,AM,0,1
2020-05-10,2:40,PM,0,1
2020-05-10,3:30,PM,1,1
2020-05-10,6:28,PM,1,1
2020-05-11,6:30,AM,0,1
2020-05-11,8:25,AM,0,1
2020-05-11,11:30,AM,0,1
2020-05-11,3:00,PM,0,1
2020-05-11,4:30,PM,1,1
2020-05-11,6:10,PM,0,1
2020-05-12,5:40,AM,0,1
2020-05-12,9:10,AM,0,1
2020-05-12,11:20,AM,0,1
2020-05-12,12:38,PM,1,1
2020-05-12,2:05,PM,0,1
2020-05-12,4:15,PM,0,1
2020-05-12,6:51,PM,0,1
2020-05-13,6:25,AM,1,1
2020-05-13,9:06,AM,0,1
2020-05-13,10:50,AM,0,1
2020-05-13,1:08,PM,0,1
2020-05-13,3:00,PM,0,1
2020-05-13,6:30,PM,0,1
2020-05-14,5:36,AM,1,1
2020-05-14,7:18,AM,0,1
2020-05-14,8:45,AM,1,1
2020-05-14,10:15,AM,0,1
2020-05-14,2:30,PM,0,1
2020-05-14,4:25,PM,0,1
2020-05-14,6:35,PM,0,1
2020-05-15,6:05,AM,0,1
2020-05-15,9:45,AM,0,1
2020-05-15,11:45,AM,0,1
2020-05-15,1:30,PM,0,1
2020-05-15,5:40,PM,0,1
2020-05-15,7:17,PM,0,1
2020-05-16,5:20,AM,0,1
2020-05-16,8:20,AM,0,1
2020-05-16,10:40,AM,1,1
2020-05-16,12:39,PM,0,1
2020-05-16,3:00,PM,0,1
2020-05-16,5:00,PM,1,1
2020-05-16,7:00,PM,0,1
2020-05-17,5:09,AM,0,1
2020-05-17,10:40,AM,0,1
2020-05-17,12:28,PM,0,1
2020-05-17,4:05,PM,0,1
2020-05-17,6:40,PM,0,1
2020-05-18,4:56,AM,0,1
2020-05-18,7:38,AM,0,1
2020-05-18,9:25,AM,0,1
2020-05-18,11:25,AM,0,1
2020-05-18,1:53,PM,1,1
2020-05-18,5:00,PM,0,1
2020-05-19,4:20,AM,0,1
2020-05-19,8:31,AM,0,1
2020-05-19,10:11,AM,1,1
2020-05-19,12:08,PM,0,1
2020-05-19,3:00,PM,0,1
2020-05-19,6:15,PM,0,1
2020-05-20,4:00,AM,1,1
2020-05-20,6:50,AM,0,1
2020-05-20,8:10,AM,0,1
2020-05-20,9:50,AM,0,1
2020-05-20,11:40,AM,0,1
2020-05-20,1:00,PM,1,1
2020-05-20,2:30,PM,0,1
2020-05-20,5:45,PM,0,1
2020-05-21,6:00,AM,0,1
2020-05-21,7:57,AM,0,1
2020-05-21,11:20,AM,0,1
2020-05-21,2:10,PM,0,1
2020-05-21,5:45,PM,0,1
2020-05-22,5:20,AM,0,1
2020-05-22,7:52,AM,0,1
2020-05-22,11:25,AM,0,1
2020-05-22,3:20,PM,0,1
2020-05-22,6:40,PM,0,1
2020-05-23,5:45,AM,0,1
2020-05-23,7:50,AM,1,1
2020-05-23,11:00,AM,0,1
2020-05-23,2:20,PM,0,1
2020-05-24,6:30,AM,0,1
2020-05-24,5:55,AM,1,1
2020-05-24,8:00,AM,0,1
2020-05-24,10:15,AM,1,1
2020-05-24,2:06,PM,0,1
2020-05-24,6:12,PM,0,1
2020-05-25,5:47,AM,0,1
2020-05-25,9:30,AM,0,1
2020-05-25,1:10,PM,1,1
2020-05-25,1:43,PM,0,1
2020-05-25,4:20,PM,0,1
2020-05-25,5:50,PM,0,1
2020-05-26,6:28,AM,0,1
2020-05-26,10:00,AM,0,1
2020-05-26,1:31,PM,0,1
2020-05-26,3:28,PM,1,1
2020-05-26,5:57,PM,0,1
2020-05-27,5:51,AM,0,1
2020-05-27,8:00,AM,0,1
2020-05-27,9:35,AM,1,1
2020-05-27,11:36,AM,0,1
2020-05-27,3:06,PM,0,1
2020-05-27,5:40,PM,0,1
2020-05-28,5:47,AM,0,1
2020-05-28,8:00,AM,0,1
2020-05-28,9:57,AM,0,1
2020-05-28,12:18,PM,0,1
2020-05-28,2:21,PM,1,1
2020-05-28,6:10,PM,0,1