date,start,end,start_am_pm,end_am_pm,side,fluid_oz
2019-11-30,8:25,9:00,AM,AM,R,
2019-11-30,9:30,10:00,AM,AM,L,
2019-11-30,11:30,11:50,AM,AM,R,
2019-11-30,12:30,12:50,PM,PM,L,
2019-11-30,2:18,2:28,PM,PM,R,
2019-11-30,3:30,3:45,PM,PM,L,
2019-11-30,6:00,7:00,PM,PM,R,
2019-11-30,9:45,10:15,PM,PM,L,
2019-11-30,11:12,11:30,PM,PM,R,
2019-11-30,11:55,12:10,PM,AM,L,
2019-12-01,1:15,1:35,AM,AM,R,
2019-12-01,5:30,5:45,AM,AM,L,
2019-12-01,8:15,8:35,AM,AM,R,
2019-12-01,10:15,10:30,AM,AM,L,
2019-12-01,12:25,12:45,PM,PM,R,
2019-12-01,1:22,1:45,PM,PM,L,
2019-12-01,2:27,2:38,PM,PM,R,
2019-12-01,3:00,3:21,PM,PM,L,
2019-12-01,3:42,3:50,PM,PM,R,
2019-12-01,6:35,6:55,PM,PM,L,
2019-12-01,8:52,9:11,PM,PM,R,
2019-12-01,9:18,9:30,PM,PM,L,
2019-12-01,9:38,9:51,PM,PM,R,
2019-12-01,9:58,10:15,PM,PM,L,
2019-12-01,10:15,10:27,PM,PM,R,
2019-12-01,10:35,10:43,PM,PM,L,
2019-12-02,2:15,2:40,AM,AM,R,
2019-12-02,5:00,5:15,AM,AM,L,
2019-12-02,5:40,6:00,AM,AM,R,
2019-12-02,8:35,8:50,AM,AM,L,
2019-12-02,9:02,9:17,AM,AM,R,
2019-12-02,9:28,9:42,AM,AM,L,
2019-12-02,10:02,10:21,AM,AM,R,
2019-12-02,12:00,12:14,PM,PM,L,
2019-12-02,12:30,12:47,PM,PM,R,
2019-12-02,1:00,1:10,PM,PM,L,
2019-12-02,1:42,1:57,PM,PM,R,
2019-12-02,2:15,2:36,PM,PM,L,
2019-12-02,4:30,5:07,PM,PM,R,
2019-12-02,7:15,7:40,PM,PM,L,
2019-12-02,7:50,8:10,PM,PM,R,
2019-12-02,8:28,8:44,PM,PM,L,
2019-12-02,8:54,9:20,PM,PM,R,
2019-12-03,1:18,1:55,AM,AM,L,
2019-12-03,4:26,4:47,AM,AM,R,
2019-12-03,5:13,5:22,AM,AM,L,
2019-12-03,6:43,7:17,AM,AM,R,
2019-12-03,8:02,8:12,AM,AM,L,
2019-12-03,8:45,9:00,AM,AM,R,
2019-12-03,11:35,12:06,AM,PM,L,
2019-12-03,12:40,1:00,PM,PM,R,
2019-12-03,3:40,4:09,PM,PM,L,
2019-12-03,5:19,5:40,PM,PM,R,
2019-12-03,6:47,7:07,PM,PM,L,
2019-12-03,5:52,6:02,PM,PM,R,
2019-12-03,7:10,7:20,PM,PM,L,
2019-12-03,7:40,7:52,PM,PM,R,
2019-12-03,8:03,8:24,PM,PM,L,
2019-12-03,8:39,8:54,PM,PM,R,
2019-12-03,11:19,11:34,PM,PM,L,
2019-12-03,11:50,12:16,PM,AM,R,
2019-12-04,1:50,2:14,AM,AM,L,
2019-12-04,3:00,3:20,AM,AM,R,
2019-12-04,6:23,6:40,AM,AM,L,
2019-12-04,6:52,7:03,AM,AM,R,
2019-12-04,7:13,7:25,AM,AM,L,
2019-12-04,7:27,7:50,AM,AM,R,
2019-12-04,7:56,8:08,AM,AM,L,
2019-12-04,8:25,8:47,AM,AM,L,
2019-12-04,9:06,9:12,AM,AM,L,
2019-12-04,9:20,9:33,AM,AM,L,
2019-12-04,9:40,9:46,AM,AM,R,
2019-12-04,11:45,12:20,AM,PM,R,
2019-12-04,2:28,2:49,PM,PM,L,
2019-12-04,4:49,5:04,PM,PM,L,
2019-12-04,5:06,5:21,PM,PM,L,
2019-12-04,5:30,6:17,PM,PM,L,
2019-12-04,6:40,6:57,PM,PM,R,
2019-12-04,7:03,7:14,PM,PM,R,
2019-12-04,7:24,7:40,PM,PM,R,
2019-12-04,7:45,8:15,PM,PM,R,
2019-12-04,8:25,8:36,PM,PM,L,
2019-12-04,8:50,9:18,PM,PM,L,
2019-12-04,9:20,10:00,PM,PM,L,
2019-12-04,10:06,10:16,PM,PM,L,
2019-12-05,1:05,1:25,AM,AM,R,
2019-12-05,1:40,1:51,AM,AM,R,
2019-12-05,3:08,3:40,AM,AM,L,
2019-12-05,3:45,4:00,AM,AM,L,
2019-12-05,6:25,7:00,AM,AM,R,
2019-12-05,7:06,7:16,AM,AM,R,
2019-12-05,7:21,7:38,AM,AM,L,
2019-12-05,7:45,8:18,AM,AM,L,
2019-12-05,8:29,8:55,AM,AM,R,
2019-12-05,9:07,9:40,AM,AM,R,
2019-12-05,9:50,10:22,AM,AM,L,
2019-12-05,12:32,1:00,PM,PM,R,
2019-12-05,1:05,1:26,PM,PM,L,
2019-12-05,1:38,1:47,PM,PM,R,
2019-12-05,1:53,2:00,PM,PM,L,
2019-12-05,2:15,2:25,PM,PM,R,
2019-12-05,2:45,2:55,PM,PM,L,
2019-12-05,4:40,4:55,PM,PM,R,
2019-12-05,6:20,6:39,PM,PM,L,
2019-12-05,6:44,7:10,PM,PM,R,
2019-12-05,7:21,7:45,PM,PM,L,
2019-12-05,7:55,8:16,PM,PM,R,
2019-12-05,8:18,8:50,PM,PM,L,
2019-12-05,9:12,9:38,PM,PM,R,
2019-12-05,9:43,9:58,PM,PM,L,
2019-12-05,10:16,10:50,PM,PM,L,
2019-12-06,1:47,2:08,AM,AM,R,
2019-12-06,3:46,4:16,AM,AM,L,
2019-12-06,6:26,6:41,AM,AM,R,
2019-12-06,6:47,7:05,AM,AM,R,
2019-12-06,7:10,7:50,AM,AM,L,
2019-12-06,8:15,8:40,AM,AM,R,
2019-12-06,8:41,9:00,AM,AM,L,
2019-12-06,9:10,9:30,AM,AM,L,
2019-12-06,10:00,10:09,AM,AM,R,
2019-12-06,1:00,1:15,PM,PM,L,
2019-12-06,3:45,4:20,PM,PM,R,
2019-12-06,4:22,4:46,PM,PM,L,
2019-12-06,4:48,5:06,PM,PM,R,
2019-12-06,5:08,5:25,PM,PM,L,
2019-12-06,5:27,5:47,PM,PM,L,
2019-12-06,6:02,6:11,PM,PM,R,
2019-12-06,6:30,6:55,PM,PM,R,
2019-12-06,7:11,7:21,PM,PM,R,
2019-12-06,7:30,7:40,PM,PM,L,
2019-12-06,7:55,8:05,PM,PM,L,
2019-12-06,10:23,10:44,PM,PM,R,
2019-12-06,10:46,11:01,PM,PM,R,
2019-12-07,1:48,2:28,AM,AM,L,
2019-12-07,5:14,5:33,AM,AM,R,
2019-12-07,5:38,5:58,AM,AM,L,
2019-12-07,6:00,6:19,AM,AM,R,
2019-12-07,6:28,6:45,AM,AM,L,
2019-12-07,6:51,7:08,AM,AM,R,
2019-12-07,7:10,7:24,AM,AM,L,
2019-12-07,7:25,7:36,AM,AM,R,
2019-12-07,7:55,8:06,AM,AM,L,
2019-12-07,8:15,8:20,AM,AM,R,
2019-12-07,8:41,8:54,AM,AM,L,
2019-12-07,11:58,12:30,AM,PM,R,
2019-12-07,12:37,12:54,PM,PM,R,
2019-12-07,1:32,1:54,PM,PM,L,
2019-12-07,2:10,2:35,PM,PM,L,
2019-12-07,3:12,3:22,PM,PM,R,
2019-12-07,6:31,6:50,PM,PM,L,
2019-12-07,10:00,10:38,PM,PM,R,
2019-12-07,10:45,11:15,PM,PM,L,
2019-12-07,11:36,11:45,PM,PM,R,
2019-12-07,11:58,12:26,PM,AM,L,
2019-12-08,4:00,4:45,AM,AM,R,
2019-12-08,4:55,5:40,AM,AM,L,
2019-12-08,6:00,6:14,AM,AM,R,
2019-12-08,6:22,6:35,AM,AM,L,
2019-12-08,6:40,6:55,AM,AM,R,
2019-12-08,7:09,7:19,AM,AM,L,
2019-12-08,10:44,11:01,AM,AM,R,
2019-12-08,11:04,11:25,AM,AM,L,
2019-12-08,12:58,1:18,PM,PM,R,
2019-12-08,1:25,1:47,PM,PM,L,
2019-12-08,2:03,2:13,PM,PM,R,
2019-12-08,4:30,4:50,PM,PM,L,
2019-12-08,5:06,5:17,PM,PM,R,
2019-12-08,5:53,6:08,PM,PM,L,
2019-12-08,6:17,6:28,PM,PM,R,
2019-12-08,6:36,6:47,PM,PM,L,
2019-12-08,7:03,7:19,PM,PM,R,
2019-12-08,7:24,7:36,PM,PM,L,
2019-12-08,7:55,8:25,PM,PM,R,
2019-12-08,8:29,8:45,PM,PM,L,
2019-12-08,8:46,9:02,PM,PM,R,
2019-12-08,9:20,9:37,PM,PM,L,
2019-12-09,12:58,1:28,AM,AM,R,
2019-12-09,1:30,1:56,AM,AM,L,
2019-12-09,2:05,2:19,AM,AM,R,
2019-12-09,2:21,2:45,AM,AM,L,
2019-12-09,4:50,5:10,AM,AM,R,
2019-12-09,5:15,5:35,AM,AM,L,
2019-12-09,7:45,8:04,AM,AM,R,
2019-12-09,8:06,8:40,AM,AM,L,
2019-12-09,8:55,9:07,AM,AM,R,
2019-12-09,9:21,9:34,AM,AM,L,
2019-12-09,11:03,11:26,AM,AM,R,
2019-12-09,11:51,12:12,AM,PM,L,
2019-12-09,12:31,12:46,PM,PM,R,
2019-12-09,12:48,1:08,PM,PM,L,
2019-12-09,4:31,4:45,PM,PM,R,
2019-12-09,4:47,5:07,PM,PM,L,
2019-12-09,5:29,5:47,PM,PM,R,
2019-12-09,6:10,6:36,PM,PM,L,
2019-12-09,6:50,7:05,PM,PM,R,
2019-12-09,7:08,7:20,PM,PM,L,
2019-12-09,7:40,7:56,PM,PM,R,
2019-12-09,8:03,8:28,PM,PM,L,
2019-12-09,8:36,8:48,PM,PM,R,
2019-12-09,8:51,9:02,PM,PM,L,
2019-12-09,9:15,9:20,PM,PM,R,
2019-12-10,1:05,1:28,AM,AM,L,
2019-12-10,1:30,1:52,AM,AM,R,
2019-12-10,2:02,2:30,AM,AM,L,
2019-12-10,4:50,5:04,AM,AM,R,
2019-12-10,5:06,5:20,AM,AM,L,
2019-12-10,5:27,5:45,AM,AM,R,
2019-12-10,5:52,6:12,AM,AM,L,
2019-12-10,6:14,6:43,AM,AM,R,
2019-12-10,6:51,7:15,AM,AM,L,
2019-12-10,7:47,8:06,AM,AM,R,
2019-12-10,2:24,3:02,PM,PM,L,
2019-12-10,5:09,5:36,PM,PM,R,
2019-12-10,8:28,8:55,PM,PM,L,
2019-12-10,9:30,10:00,PM,PM,R,
2019-12-10,10:13,10:29,PM,PM,L,
2019-12-10,10:50,11:03,PM,PM,R,
2019-12-10,11:25,11:39,PM,PM,L,
2019-12-10,11:50,12:00,PM,AM,R,
2019-12-11,2:40,3:14,AM,AM,L,
2019-12-11,6:00,6:32,AM,AM,R,
2019-12-11,6:46,7:05,AM,AM,L,
2019-12-11,7:26,7:48,AM,AM,R,
2019-12-11,7:51,8:24,AM,AM,L,
2019-12-11,8:45,9:08,AM,AM,R,
2019-12-11,9:11,9:22,AM,AM,L,
2019-12-11,9:30,9:42,AM,AM,R,
2019-12-11,12:43,1:00,PM,PM,L,
2019-12-11,1:05,1:27,PM,PM,R,
2019-12-11,3:36,3:49,PM,PM,L,
2019-12-11,4:18,4:28,PM,PM,R,
2019-12-11,4:38,4:52,PM,PM,L,
2019-12-11,5:47,6:10,PM,PM,L,
2019-12-11,6:15,6:25,PM,PM,R,
2019-12-11,6:28,6:45,PM,PM,R,
2019-12-11,7:24,7:33,PM,PM,L,
2019-12-11,7:45,8:03,PM,PM,R,
2019-12-11,11:15,11:40,PM,PM,L,
2019-12-11,11:50,12:10,PM,AM,R,
2019-12-12,3:24,3:46,AM,AM,L,
2019-12-12,4:00,4:15,AM,AM,R,
2019-12-12,6:51,7:38,AM,AM,L,
2019-12-12,7:50,8:14,AM,AM,R,
2019-12-12,8:20,8:34,AM,AM,L,
2019-12-12,8:40,9:01,AM,AM,R,
2019-12-12,9:06,9:17,AM,AM,L,
2019-12-12,9:25,9:32,AM,AM,R,
2019-12-12,9:45,9:58,AM,AM,L,
2019-12-12,10:06,10:21,AM,AM,R,
2019-12-12,10:30,10:45,AM,AM,L,
2019-12-12,2:35,2:58,PM,PM,R,
2019-12-12,3:06,3:30,PM,PM,L,
2019-12-12,4:10,4:24,PM,PM,R,
2019-12-12,4:49,5:19,PM,PM,L,
2019-12-12,5:26,5:48,PM,PM,R,
2019-12-12,5:53,6:14,PM,PM,L,
2019-12-12,6:26,6:38,PM,PM,R,
2019-12-12,6:46,7:06,PM,PM,L,
2019-12-12,8:14,8:26,PM,PM,R,
2019-12-12,11:42,12:00,PM,AM,L,
2019-12-13,12:02,12:15,AM,AM,R,
2019-12-13,12:30,12:45,AM,AM,L,
2019-12-13,12:50,1:03,AM,AM,R,
2019-12-13,1:11,1:27,AM,AM,L,
2019-12-13,1:52,2:05,AM,AM,R,
2019-12-13,4:49,5:08,AM,AM,L,
2019-12-13,5:14,6:04,AM,AM,R,
2019-12-13,6:08,6:40,AM,AM,L,
2019-12-13,7:00,7:15,AM,AM,R,
2019-12-13,7:19,7:44,AM,AM,L,
2019-12-13,8:03,8:18,AM,AM,R,
2019-12-13,9:05,9:14,AM,AM,L,
2019-12-13,9:19,9:31,AM,AM,R,
2019-12-13,12:40,1:00,PM,PM,L,
2019-12-13,2:48,3:19,PM,PM,R,
2019-12-13,3:25,3:45,PM,PM,L,
2019-12-13,3:50,4:15,PM,PM,R,
2019-12-13,4:25,4:55,PM,PM,L,
2019-12-13,5:11,5:30,PM,PM,R,
2019-12-13,5:35,5:58,PM,PM,L,
2019-12-14,4:05,4:38,AM,AM,L,
2019-12-14,4:39,5:10,AM,AM,R,
2019-12-14,5:16,5:54,AM,AM,L,
2019-12-14,5:58,6:09,AM,AM,R,
2019-12-14,9:00,9:39,AM,AM,L,
2019-12-14,9:57,10:15,AM,AM,R,
2019-12-14,10:18,10:40,AM,AM,L,
2019-12-14,10:49,11:08,AM,AM,R,
2019-12-14,11:18,11:33,AM,AM,L,
2019-12-14,12:06,12:18,PM,PM,R,
2019-12-14,12:23,12:37,PM,PM,L,
2019-12-14,3:50,4:25,PM,PM,R,
2019-12-14,8:00,8:40,PM,PM,L,
2019-12-14,9:03,9:15,PM,PM,R,
2019-12-14,9:26,9:39,PM,PM,L,
2019-12-14,9:45,10:00,PM,PM,R,
2019-12-15,1:34,1:59,AM,AM,L,
2019-12-15,2:11,2:23,AM,AM,R,
2019-12-15,2:39,2:43,AM,AM,L,
2019-12-15,2:46,3:08,AM,AM,R,
2019-12-15,3:11,3:24,AM,AM,L,
2019-12-15,5:25,5:50,AM,AM,R,
2019-12-15,6:01,6:33,AM,AM,L,
2019-12-15,6:45,6:54,AM,AM,R,
2019-12-15,7:01,7:37,AM,AM,L,
2019-12-15,7:46,8:03,AM,AM,R,
2019-12-15,8:34,8:48,AM,AM,L,
2019-12-15,12:15,12:48,PM,PM,R,
2019-12-15,12:57,1:24,PM,PM,L,
2019-12-15,1:55,2:08,PM,PM,R,
2019-12-15,2:16,2:31,PM,PM,L,
2019-12-15,5:04,5:29,PM,PM,R,
2019-12-15,5:34,6:02,PM,PM,L,
2019-12-15,6:08,6:22,PM,PM,R,
2019-12-15,6:25,6:46,PM,PM,L,
2019-12-15,7:08,7:17,PM,PM,R,
2019-12-15,7:24,7:34,PM,PM,L,
2019-12-15,7:50,8:01,PM,PM,R,
2019-12-15,8:28,8:41,PM,PM,L,
2019-12-15,8:46,8:56,PM,PM,R,
2019-12-15,9:01,9:09,PM,PM,L,
2019-12-15,9:28,9:38,PM,PM,R,
2019-12-15,9:43,9:54,PM,PM,L,
2019-12-16,2:13,2:44,AM,AM,L,
2019-12-16,2:55,3:05,AM,AM,R,
2019-12-16,3:14,3:22,AM,AM,L,
2019-12-16,6:00,6:36,AM,AM,R,
2019-12-16,6:46,7:05,AM,AM,L,
2019-12-16,9:45,10:06,AM,AM,R,
2019-12-16,10:17,10:43,AM,AM,L,
2019-12-16,11:00,11:20,AM,AM,R,
2019-12-16,12:45,12:55,PM,PM,L,
2019-12-16,12:55,1:10,PM,PM,R,
2019-12-16,2:20,2:38,PM,PM,R,
2019-12-16,2:45,3:00,PM,PM,L,
2019-12-16,3:05,3:21,PM,PM,R,
2019-12-16,3:25,3:39,PM,PM,L,
2019-12-16,3:50,4:10,PM,PM,R,
2019-12-16,10:00,10:46,PM,PM,L,
2019-12-16,11:07,12:00,PM,AM,R,
2019-12-17,12:20,12:58,PM,PM,L,
2019-12-17,1:05,1:40,PM,PM,R,
2019-12-17,4:27,4:55,PM,PM,L,
2019-12-17,5:00,5:26,PM,PM,R,
2019-12-17,5:30,6:04,PM,PM,L,
2019-12-17,6:17,6:31,PM,PM,R,
2019-12-17,6:35,7:10,PM,PM,L,
2019-12-17,7:20,7:37,PM,PM,R,
2019-12-17,7:40,8:05,PM,PM,L,
2019-12-17,8:40,8:52,PM,PM,R,
2019-12-17,11:40,12:17,PM,AM,L,
2019-12-17,12:26,12:40,AM,AM,R,
2019-12-17,1:36,1:56,AM,AM,L,
2019-12-17,2:05,2:31,AM,AM,R,
2019-12-17,5:00,5:50,AM,AM,L,
2019-12-17,5:59,6:32,AM,AM,R,
2019-12-17,6:46,7:21,AM,AM,L,
2019-12-17,7:30,7:48,AM,AM,R,
2019-12-17,8:25,9:00,AM,AM,R,
2019-12-17,9:06,9:31,AM,AM,L,
2019-12-18,1:35,1:56,AM,AM,R,
2019-12-18,2:05,2:36,AM,AM,L,
2019-12-18,4:38,5:09,AM,AM,R,
2019-12-18,5:12,5:36,AM,AM,L,
2019-12-18,5:43,6:03,AM,AM,R,
2019-12-18,6:10,6:38,AM,AM,L,
2019-12-18,6:52,7:29,AM,AM,R,
2019-12-18,7:49,8:36,AM,AM,L,
2019-12-18,9:00,9:34,AM,AM,R,
2019-12-18,9:56,10:16,AM,AM,L,
2019-12-18,2:27,2:55,PM,PM,R,
2019-12-18,3:01,3:20,PM,PM,L,
2019-12-18,3:30,3:46,PM,PM,R,
2019-12-18,4:00,4:35,PM,PM,L,
2019-12-18,5:04,5:57,PM,PM,R,
2019-12-18,6:00,6:33,PM,PM,L,
2019-12-18,11:36,12:05,PM,AM,R,
2019-12-19,12:16,12:49,AM,AM,L,
2019-12-19,1:16,1:38,AM,AM,R,
2019-12-19,1:50,2:14,AM,AM,L,
2019-12-19,4:35,5:25,AM,AM,R,
2019-12-19,5:45,6:21,AM,AM,L,
2019-12-19,6:35,7:05,AM,AM,R,
2019-12-19,8:00,8:20,AM,AM,L,
2019-12-19,8:23,9:33,AM,AM,R,
2019-12-19,9:51,10:41,AM,AM,L,
2019-12-19,11:07,11:47,AM,AM,R,
2019-12-19,11:58,12:44,AM,PM,L,
2019-12-19,4:26,5:05,PM,PM,R,
2019-12-19,5:09,5:29,PM,PM,L,
2019-12-19,5:51,6:46,PM,PM,R,
2019-12-19,7:05,8:01,PM,PM,L,
2019-12-19,8:06,8:35,PM,PM,R,
2019-12-19,8:40,8:56,PM,PM,L,
2019-12-20,1:36,2:06,AM,AM,R,
2019-12-20,2:14,2:42,AM,AM,L,
2019-12-20,2:52,3:02,AM,AM,R,
2019-12-20,5:23,5:53,AM,AM,L,
2019-12-20,5:54,6:06,AM,AM,R,
2019-12-20,6:10,6:30,AM,AM,L,
2019-12-20,6:47,7:03,AM,AM,R,
2019-12-20,7:07,7:56,AM,AM,L,
2019-12-20,8:03,8:24,AM,AM,R,
2019-12-20,8:35,8:56,AM,AM,L,
2019-12-20,9:03,9:16,AM,AM,R,
2019-12-20,9:24,9:37,AM,AM,L,
2019-12-20,9:55,10:10,AM,AM,R,
2019-12-20,10:31,10:43,AM,AM,L,
2019-12-20,1:30,2:04,PM,PM,R,
2019-12-20,2:08,2:31,PM,PM,L,
2019-12-20,2:35,3:11,PM,PM,R,
2019-12-20,3:18,3:49,PM,PM,L,
2019-12-20,3:59,4:38,PM,PM,R,
2019-12-20,5:00,5:32,PM,PM,L,
2019-12-20,5:36,5:53,PM,PM,R,
2019-12-20,5:58,6:15,PM,PM,L,
2019-12-20,6:29,6:46,PM,PM,R,
2019-12-20,7:15,7:34,PM,PM,L,
2019-12-20,7:39,8:00,PM,PM,R,
2019-12-20,8:15,8:28,PM,PM,L,
2019-12-21,3:05,3:30,AM,AM,R,
2019-12-21,3:33,3:49,AM,AM,L,
2019-12-21,4:04,4:28,AM,AM,R,
2019-12-21,4:35,4:50,AM,AM,L,
2019-12-21,4:58,5:15,AM,AM,R,
2019-12-21,5:46,6:06,AM,AM,L,
2019-12-21,6:15,6:41,AM,AM,R,
2019-12-21,6:45,7:34,AM,AM,L,
2019-12-21,7:50,8:20,AM,AM,R,
2019-12-21,8:23,8:47,AM,AM,L,
2019-12-21,12:05,12:24,PM,PM,R,
2019-12-21,12:33,1:02,PM,PM,L,
2019-12-21,1:25,2:14,PM,PM,R,
2019-12-21,2:47,3:21,PM,PM,L,
2019-12-21,3:33,3:58,PM,PM,R,
2019-12-21,4:35,5:10,PM,PM,L,
2019-12-21,5:30,5:50,PM,PM,R,
2019-12-21,5:53,6:10,PM,PM,L,
2019-12-21,6:17,6:44,PM,PM,R,
2019-12-22,1:24,2:03,AM,AM,L,
2019-12-22,2:11,2:32,AM,AM,R,
2019-12-22,2:37,3:01,AM,AM,L,
2019-12-22,3:06,3:21,AM,AM,R,
2019-12-22,3:28,3:40,AM,AM,L,
2019-12-22,6:22,6:47,AM,AM,R,
2019-12-22,6:50,7:05,AM,AM,L,
2019-12-22,7:08,7:28,AM,AM,R,
2019-12-22,7:35,7:53,AM,AM,L,
2019-12-22,7:56,8:10,AM,AM,R,
2019-12-22,8:20,8:50,AM,AM,L,
2019-12-22,8:56,9:53,AM,AM,R,
2019-12-22,10:09,10:51,AM,AM,L,
2019-12-22,10:54,11:13,AM,AM,R,
2019-12-22,12:04,12:36,PM,PM,L,
2019-12-22,3:28,3:55,PM,PM,R,
2019-12-22,4:31,5:32,PM,PM,L,
2019-12-22,5:51,6:40,PM,PM,R,
2019-12-22,6:53,7:16,PM,PM,L,
2019-12-22,7:20,8:25,PM,PM,R,
2019-12-22,8:28,9:18,PM,PM,L,
2019-12-23,3:09,3:30,AM,AM,R,
2019-12-23,3:32,4:14,AM,AM,L,
2019-12-23,4:20,4:57,AM,AM,R,
2019-12-23,5:07,5:50,AM,AM,L,
2019-12-23,6:00,7:20,AM,AM,R,
2019-12-23,7:27,8:11,AM,AM,L,
2019-12-23,8:32,9:10,AM,AM,R,
2019-12-23,9:25,10:05,AM,AM,L,
2019-12-23,2:33,3:02,PM,PM,R,
2019-12-23,3:06,3:38,PM,PM,L,
2019-12-23,3:47,4:30,PM,PM,R,
2019-12-23,4:44,5:22,PM,PM,L,
2019-12-23,5:28,6:08,PM,PM,R,
2019-12-23,6:14,6:42,PM,PM,L,
2019-12-23,7:01,7:30,PM,PM,R,
2019-12-23,7:45,8:08,PM,PM,L,
2019-12-23,8:25,9:07,PM,PM,R,
2019-12-24,3:09,3:34,AM,AM,R,
2019-12-24,3:55,4:22,AM,AM,L,
2019-12-24,4:34,4:48,AM,AM,R,
2019-12-24,5:07,5:40,AM,AM,L,
2019-12-24,5:58,6:14,AM,AM,R,
2019-12-24,6:25,7:00,AM,AM,L,
2019-12-24,10:16,10:56,AM,AM,R,
2019-12-24,11:01,11:52,AM,AM,L,
2019-12-24,12:15,12:44,PM,PM,R,
2019-12-24,12:54,1:28,PM,PM,L,
2019-12-24,1:45,2:14,PM,PM,R,
2019-12-24,2:18,2:51,PM,PM,L,
2019-12-24,3:03,3:20,PM,PM,R,
2019-12-24,3:37,4:10,PM,PM,L,
2019-12-24,4:36,4:47,PM,PM,R,
2019-12-24,4:52,5:08,PM,PM,L,
2019-12-24,5:58,6:32,PM,PM,R,
2019-12-24,6:35,6:59,PM,PM,L,
2019-12-25,2:36,3:04,AM,AM,R,
2019-12-25,3:17,3:52,AM,AM,L,
2019-12-25,4:05,4:16,AM,AM,R,
2019-12-25,4:17,4:31,AM,AM,L,
2019-12-25,4:43,5:02,AM,AM,R,
2019-12-25,5:15,5:45,AM,AM,L,
2019-12-25,6:10,6:29,AM,AM,R,
2019-12-25,6:32,6:56,AM,AM,L,
2019-12-25,7:01,7:17,AM,AM,R,
2019-12-25,7:39,7:52,AM,AM,L,
2019-12-25,11:10,11:42,AM,AM,R,
2019-12-25,11:55,12:23,AM,PM,L,
2019-12-25,12:44,1:07,PM,PM,R,
2019-12-25,1:21,1:36,PM,PM,L,
2019-12-25,2:20,2:36,PM,PM,R,
2019-12-25,2:42,3:00,PM,PM,L,
2019-12-25,3:12,3:28,PM,PM,R,
2019-12-25,4:13,4:23,PM,PM,L,
2019-12-25,4:50,5:11,PM,PM,R,
2019-12-25,5:25,5:42,PM,PM,L,
2019-12-25,5:45,5:55,PM,PM,R,
2019-12-25,6:20,6:46,PM,PM,L,
2019-12-25,7:15,7:35,PM,PM,R,
2019-12-26,1:47,2:19,AM,AM,L,
2019-12-26,4:34,4:58,AM,AM,R,
2019-12-26,5:07,5:40,AM,AM,L,
2019-12-26,6:20,6:45,AM,AM,R,
2019-12-26,6:58,7:11,AM,AM,L,
2019-12-26,7:18,7:48,AM,AM,R,
2019-12-26,8:45,9:05,AM,AM,L,
2019-12-26,9:27,10:00,AM,AM,R,
2019-12-26,10:14,10:50,AM,AM,L,
2019-12-26,2:14,2:48,PM,PM,R,
2019-12-26,3:06,3:40,PM,PM,L,
2019-12-26,3:56,4:32,PM,PM,R,
2019-12-26,5:00,5:50,PM,PM,L,
2019-12-26,6:09,6:36,PM,PM,R,
2019-12-26,6:40,7:10,PM,PM,L,
2019-12-26,7:36,7:51,PM,PM,R,
2019-12-27,2:23,2:46,AM,AM,L,
2019-12-27,2:48,3:12,AM,AM,R,
2019-12-27,3:20,3:43,AM,AM,L,
2019-12-27,5:51,6:28,AM,AM,R,
2019-12-27,6:34,7:12,AM,AM,L,
2019-12-27,8:20,8:32,AM,AM,R,
2019-12-27,8:39,9:06,AM,AM,L,
2019-12-27,9:20,9:50,AM,AM,R,
2019-12-27,10:17,10:38,AM,AM,L,
2019-12-27,1:56,2:34,PM,PM,R,
2019-12-27,2:38,3:06,PM,PM,L,
2019-12-27,3:28,3:54,PM,PM,R,
2019-12-27,4:03,4:41,PM,PM,L,
2019-12-27,4:49,5:07,PM,PM,R,
2019-12-27,5:20,5:48,PM,PM,L,
2019-12-27,5:50,6:10,PM,PM,R,
2019-12-27,6:52,7:28,PM,PM,L,
2019-12-27,7:42,8:13,PM,PM,R,
2019-12-28,2:18,2:59,AM,AM,L,
2019-12-28,3:05,3:29,AM,AM,R,
2019-12-28,6:25,6:59,AM,AM,L,
2019-12-28,7:20,7:47,AM,AM,R,
2019-12-28,8:20,8:47,AM,AM,L,
2019-12-28,9:23,9:55,AM,AM,R,
2019-12-28,11:44,12:14,AM,PM,L,
2019-12-28,12:54,1:28,PM,PM,R,
2019-12-28,2:14,2:30,PM,PM,L,
2019-12-28,2:40,3:04,PM,PM,R,
2019-12-28,3:12,3:46,PM,PM,L,
2019-12-28,4:14,4:42,PM,PM,R,
2019-12-28,4:45,5:15,PM,PM,L,
2019-12-28,8:13,8:55,PM,PM,R,
2019-12-29,1:05,1:45,AM,AM,L,
2019-12-29,2:01,2:30,AM,AM,R,
2019-12-29,3:00,3:21,AM,AM,L,
2019-12-29,4:59,5:41,AM,AM,R,
2019-12-29,6:19,6:52,AM,AM,L,
2019-12-29,9:50,10:18,AM,AM,R,
2019-12-29,10:23,10:52,AM,AM,L,
2019-12-29,11:28,12:24,AM,PM,R,
2019-12-29,1:51,2:48,PM,PM,L,
2019-12-29,3:11,3:43,PM,PM,R,
2019-12-29,4:38,5:26,PM,PM,L,
2019-12-29,5:42,6:35,PM,PM,R,
2019-12-29,6:38,6:52,PM,PM,L,
2019-12-29,10:00,10:39,PM,PM,R,
2019-12-30,1:00,1:45,AM,AM,L,
2019-12-30,4:27,5:23,AM,AM,R,
2019-12-30,5:26,5:53,AM,AM,L,
2019-12-30,6:01,6:32,AM,AM,R,
2019-12-30,7:32,8:12,AM,AM,L,
2019-12-30,8:28,9:10,AM,AM,R,
2019-12-30,9:15,9:45,AM,AM,L,
2019-12-30,10:40,11:35,AM,AM,R,
2019-12-30,12:11,12:47,PM,PM,L,
2019-12-30,1:30,2:32,PM,PM,R,
2019-12-30,3:15,3:36,PM,PM,L,
2019-12-30,5:02,5:28,PM,PM,R,
2019-12-30,6:49,7:20,PM,PM,L,
2019-12-31,3:30,3:58,AM,AM,R,
2019-12-31,4:02,4:22,AM,AM,L,
2019-12-31,5:00,5:10,AM,AM,F,
2019-12-31,6:15,6:47,AM,AM,R,
2019-12-31,7:20,7:53,AM,AM,L,
2019-12-31,9:01,9:32,AM,AM,R,
2019-12-31,9:43,10:25,AM,AM,L,
2019-12-31,11:45,12:06,AM,PM,R,
2019-12-31,3:09,3:43,PM,PM,L,
2019-12-31,4:06,4:40,PM,PM,R,
2019-12-31,5:47,6:09,PM,PM,L,
2019-12-31,6:45,7:14,PM,PM,R,
2019-12-31,7:45,8:20,PM,PM,L,
2020-01-01,3:12,3:49,AM,AM,R,
2020-01-01,5:41,6:18,AM,AM,L,
2020-01-01,6:29,6:51,AM,AM,R,
2020-01-01,7:40,8:08,AM,AM,L,
2020-01-01,8:19,8:25,AM,AM,R,
2020-01-01,9:01,9:40,AM,AM,L,
2020-01-01,10:10,10:40,AM,AM,R,
2020-01-01,12:12,12:45,PM,PM,L,
2020-01-01,3:50,4:16,PM,PM,R,
2020-01-01,4:19,4:55,PM,PM,L,
2020-01-01,5:31,5:57,PM,PM,R,
2020-01-01,6:28,7:07,PM,PM,L,
2020-01-01,7:12,7:23,PM,PM,R,
2020-01-01,7:30,8:06,PM,PM,R,
2020-01-01,8:48,9:21,PM,PM,L,
2020-01-02,3:05,3:41,AM,AM,L,
2020-01-02,6:08,6:40,AM,AM,R,
2020-01-02,8:04,8:40,AM,AM,L,
2020-01-02,9:37,10:09,AM,AM,R,
2020-01-02,11:31,12:02,AM,PM,L,
2020-01-02,2:25,2:54,PM,PM,R,
2020-01-02,3:00,3:30,PM,PM,L,
2020-01-02,4:15,4:50,PM,PM,R,
2020-01-02,5:13,6:16,PM,PM,L,
2020-01-02,8:15,8:32,PM,PM,R,
2020-01-02,9:40,10:00,PM,PM,F,
2020-01-03,2:36,3:09,AM,AM,L,
2020-01-03,3:14,3:40,AM,AM,R,
2020-01-03,5:13,5:45,AM,AM,L,
2020-01-03,7:27,7:58,AM,AM,R,
2020-01-03,8:23,8:54,AM,AM,L,
2020-01-03,10:01,10:40,AM,AM,R,
2020-01-03,2:08,2:34,PM,PM,L,
2020-01-03,3:50,4:23,PM,PM,R,
2020-01-03,5:03,5:35,PM,PM,L,
2020-01-03,6:09,6:41,PM,PM,R,
2020-01-03,7:03,7:33,PM,PM,L,
2020-01-03,8:17,8:31,PM,PM,R,
2020-01-04,4:24,4:54,AM,AM,L,
2020-01-04,5:02,5:13,AM,AM,R,
2020-01-04,9:25,9:47,AM,AM,L,
2020-01-04,9:52,10:25,AM,AM,R,
2020-01-04,11:22,11:39,AM,AM,L,
2020-01-04,11:42,12:05,AM,PM,R,
2020-01-04,12:33,1:00,PM,PM,L,
2020-01-04,2:28,3:02,PM,PM,R,
2020-01-04,3:21,3:52,PM,PM,L,
2020-01-04,4:53,5:15,PM,PM,R,
2020-01-04,6:00,6:31,PM,PM,L,
2020-01-04,6:43,7:08,PM,PM,R,
2020-01-04,7:38,7:57,PM,PM,L,
2020-01-04,8:03,8:32,PM,PM,R,
2020-01-04,11:43,12:16,PM,AM,L,
2020-01-05,2:58,3:22,AM,AM,F,
2020-01-05,6:00,6:28,AM,AM,R,
2020-01-05,6:36,6:58,AM,AM,L,
2020-01-05,7:18,7:53,AM,AM,R,
2020-01-05,8:17,8:47,AM,AM,L,
2020-01-05,9:50,10:31,AM,AM,R,
2020-01-05,10:58,11:30,AM,AM,L,
2020-01-05,2:25,3:25,PM,PM,R,
2020-01-05,3:37,3:58,PM,PM,L,
2020-01-05,4:17,4:51,PM,PM,R,
2020-01-05,5:55,6:36,PM,PM,L,
2020-01-05,6:43,7:11,PM,PM,R,
2020-01-05,7:23,7:45,PM,PM,L,
2020-01-06,12:00,12:20,AM,AM,F,3
2020-01-06,3:49,4:21,AM,AM,L,
2020-01-06,4:24,4:53,AM,AM,R,
2020-01-06,5:02,5:13,AM,AM,L,
2020-01-06,5:16,5:25,AM,AM,R,
2020-01-06,5:32,5:51,AM,AM,L,
2020-01-06,9:13,9:43,AM,AM,R,
2020-01-06,10:21,10:57,AM,AM,L,
2020-01-06,11:08,11:41,AM,AM,R,
2020-01-06,12:24,12:43,PM,PM,L,
2020-01-06,1:30,1:45,PM,PM,R,
2020-01-06,2:15,2:44,PM,PM,L,
2020-01-06,4:20,4:44,PM,PM,R,
2020-01-06,5:40,6:25,PM,PM,L,
2020-01-06,7:45,8:14,PM,PM,R,
2020-01-06,11:49,12:07,PM,AM,F,3
2020-01-07,3:11,3:53,AM,AM,L,
2020-01-07,4:00,4:18,AM,AM,R,
2020-01-07,4:35,4:52,AM,AM,L,
2020-01-07,4:57,5:11,AM,AM,R,
2020-01-07,7:20,7:34,AM,AM,F,4
2020-01-07,7:40,8:13,AM,AM,L,
2020-01-07,11:00,11:20,AM,AM,F,
2020-01-07,9:15,9:41,AM,AM,R,
2020-01-07,12:21,12:58,PM,PM,L,
2020-01-07,1:49,2:21,PM,PM,R,
2020-01-07,2:34,3:03,PM,PM,L,
2020-01-07,3:45,4:07,PM,PM,R,
2020-01-07,4:42,5:08,PM,PM,L,
2020-01-07,5:11,5:46,PM,PM,R,
2020-01-07,6:28,6:53,PM,PM,L,
2020-01-07,7:00,7:45,PM,PM,R,
2020-01-08,12:33,1:04,AM,AM,R,
2020-01-08,2:49,3:15,AM,AM,L,
2020-01-08,3:18,3:40,AM,AM,R,
2020-01-08,6:00,6:30,AM,AM,F,3
2020-01-08,9:20,9:59,AM,AM,L,
2020-01-08,9:58,10:15,AM,AM,F,2
2020-01-08,10:35,10:50,AM,AM,R,
2020-01-08,12:04,12:10,PM,PM,F,2
2020-01-08,12:24,12:52,PM,PM,L,
2020-01-08,3:20,3:58,PM,PM,R,
2020-01-08,5:04,5:41,PM,PM,L,
2020-01-08,5:47,6:13,PM,PM,R,
2020-01-08,6:55,7:34,PM,PM,L,
2020-01-08,7:40,8:04,PM,PM,R,
2020-01-09,1:18,1:48,AM,AM,L,
2020-01-09,3:36,3:53,AM,AM,F,4
2020-01-09,6:59,7:13,AM,AM,R,
2020-01-09,7:27,7:40,AM,AM,L,
2020-01-09,7:50,8:02,AM,AM,R,
2020-01-09,8:30,8:42,AM,AM,F,2
2020-01-09,8:43,9:13,AM,AM,L,
2020-01-09,12:10,12:30,PM,PM,R,
2020-01-09,12:47,1:12,PM,PM,L,
2020-01-09,1:29,1:47,PM,PM,R,
2020-01-09,2:52,3:00,PM,PM,F,2
2020-01-09,3:06,3:28,PM,PM,L,
2020-01-09,3:51,4:20,PM,PM,R,
2020-01-09,5:51,6:08,PM,PM,L,
2020-01-09,6:10,6:26,PM,PM,R,
2020-01-09,7:15,7:26,PM,PM,L,
2020-01-09,7:38,8:13,PM,PM,R,
2020-01-09,11:50,12:42,PM,AM,L,
2020-01-10,3:40,3:50,AM,AM,F,4
2020-01-10,7:43,8:13,AM,AM,R,
2020-01-10,8:22,8:42,AM,AM,L,
2020-01-10,9:13,9:46,AM,AM,R,
2020-01-10,10:10,10:20,AM,AM,F,2
2020-01-10,10:39,11:02,AM,AM,L,
2020-01-10,11:05,11:15,AM,AM,R,
2020-01-10,1:30,2:08,PM,PM,L,
2020-01-10,2:35,3:20,PM,PM,R,
2020-01-10,4:47,5:11,PM,PM,L,
2020-01-10,5:25,6:07,PM,PM,R,
2020-01-10,6:11,6:40,PM,PM,L,
2020-01-10,6:50,7:26,PM,PM,R,
2020-01-10,7:43,8:14,PM,PM,L,
2020-01-11,4:12,4:29,AM,AM,R,
2020-01-11,4:31,5:00,AM,AM,L,
2020-01-11,5:02,5:15,AM,AM,R,
2020-01-11,5:18,5:35,AM,AM,L,
2020-01-11,5:45,6:03,AM,AM,R,
2020-01-11,6:26,7:20,AM,AM,L,
2020-01-11,8:20,8:35,AM,AM,F,4
2020-01-11,11:54,12:30,AM,PM,R,
2020-01-11,12:47,1:05,PM,PM,L,
2020-01-11,1:10,1:26,PM,PM,R,
2020-01-11,2:40,2:44,PM,PM,F,2
2020-01-11,3:36,4:16,PM,PM,L,
2020-01-11,4:28,4:57,PM,PM,R,
2020-01-11,5:05,5:30,PM,PM,L,
2020-01-11,6:20,7:03,PM,PM,R,
2020-01-11,7:54,8:11,PM,PM,L,
2020-01-11,8:14,8:40,PM,PM,R,
2020-01-11,9:00,9:10,PM,PM,F,2
2020-01-12,2:30,2:40,AM,AM,F,4
2020-01-12,4:45,5:12,AM,AM,L,
2020-01-12,5:20,5:33,AM,AM,R,
2020-01-12,5:52,6:27,AM,AM,R,
2020-01-12,7:40,7:50,AM,AM,F,2
2020-01-12,8:09,8:30,AM,AM,L,
2020-01-12,8:54,9:07,AM,AM,R,
2020-01-12,9:11,9:32,AM,AM,L,
2020-01-12,1:10,1:43,PM,PM,R,
2020-01-12,1:56,2:27,PM,PM,L,
2020-01-12,3:45,3:55,PM,PM,R,
2020-01-12,4:47,5:23,PM,PM,L,
2020-01-12,5:28,6:15,PM,PM,R,
2020-01-12,6:26,6:53,PM,PM,L,
2020-01-12,11:30,11:45,PM,PM,F,4
2020-01-13,3:18,3:47,AM,AM,R,
2020-01-13,3:50,4:11,AM,AM,L,
2020-01-13,4:20,4:28,AM,AM,L,
2020-01-13,6:42,7:02,AM,AM,R,
2020-01-13,7:06,7:28,AM,AM,L,
2020-01-13,7:45,8:08,AM,AM,R,
2020-01-13,8:13,8:41,AM,AM,L,
2020-01-13,9:20,9:52,AM,AM,R,
2020-01-13,10:15,10:42,AM,AM,L,
2020-01-13,10:48,11:35,AM,AM,R,
2020-01-13,4:27,5:00,PM,PM,L,
2020-01-13,5:05,5:40,PM,PM,R,
2020-01-13,5:47,6:04,PM,PM,L,
2020-01-13,6:11,6:31,PM,PM,F,5
2020-01-14,12:05,12:28,AM,AM,F,5
2020-01-14,1:31,2:01,AM,AM,L,
2020-01-14,2:03,2:18,AM,AM,R,
2020-01-14,2:26,3:00,AM,AM,L,
2020-01-14,5:05,5:15,AM,AM,F,2
2020-01-14,5:15,5:41,AM,AM,L,
2020-01-14,6:15,6:52,AM,AM,R,
2020-01-14,11:05,11:34,AM,AM,L,
2020-01-14,11:48,12:13,AM,PM,R,
2020-01-14,12:40,1:14,PM,PM,L,
2020-01-14,1:45,2:13,PM,PM,R,
2020-01-14,3:43,4:16,PM,PM,L,
2020-01-14,4:19,4:51,PM,PM,R,
2020-01-14,5:37,6:07,PM,PM,L,
2020-01-14,6:14,6:41,PM,PM,R,
2020-01-14,11:10,11:30,PM,PM,F,6
2020-01-15,2:21,2:50,AM,AM,L,
2020-01-15,4:11,4:30,AM,AM,F,3
2020-01-15,6:26,7:02,AM,AM,R,
2020-01-15,7:04,7:27,AM,AM,L,
2020-01-15,10:37,11:11,AM,AM,R,
2020-01-15,11:14,11:32,AM,AM,L,
2020-01-15,12:04,12:34,PM,PM,R,
2020-01-15,2:31,3:00,PM,PM,L,
2020-01-15,3:28,4:01,PM,PM,R,
2020-01-15,4:40,5:05,PM,PM,L,
2020-01-15,5:45,6:11,PM,PM,R,
2020-01-15,6:43,7:21,PM,PM,L,
2020-01-16,12:40,1:10,AM,AM,L,
2020-01-16,4:19,4:52,AM,AM,R,
2020-01-16,4:54,5:30,AM,AM,L,
2020-01-16,9:02,9:27,AM,AM,R,
2020-01-16,10:05,10:38,AM,AM,L,
2020-01-16,12:08,12:38,PM,PM,R,
2020-01-16,3:44,4:16,PM,PM,L,
2020-01-16,4:26,4:57,PM,PM,R,
2020-01-16,6:29,7:01,PM,PM,L,
2020-01-16,7:06,7:31,PM,PM,R,
2020-01-16,11:30,11:57,PM,PM,F,5
2020-01-17,4:40,5:18,AM,AM,L,
2020-01-17,5:25,6:09,AM,AM,R,
2020-01-17,8:12,8:40,AM,AM,L,
2020-01-17,9:02,9:32,AM,AM,R,
2020-01-17,12:57,1:32,PM,PM,L,
2020-01-17,1:39,2:04,PM,PM,R,
2020-01-17,4:05,4:37,PM,PM,L,
2020-01-17,4:43,5:11,PM,PM,R,
2020-01-17,5:24,5:52,PM,PM,L,
2020-01-17,6:29,7:00,PM,PM,R,
2020-01-17,11:40,12:13,PM,AM,L,
2020-01-18,3:40,4:14,AM,AM,R,
2020-01-18,4:19,4:40,AM,AM,L,
2020-01-18,6:02,6:42,AM,AM,R,
2020-01-18,7:19,7:54,AM,AM,L,
2020-01-18,10:54,11:25,AM,AM,R,
2020-01-18,11:50,12:21,AM,PM,L,
2020-01-18,2:17,2:52,PM,PM,R,
2020-01-18,3:29,4:00,PM,PM,L,
2020-01-18,4:30,4:45,PM,PM,R,
2020-01-18,6:27,6:50,PM,PM,L,
2020-01-18,6:56,7:22,PM,PM,R,
2020-01-19,3:07,3:37,AM,AM,L,
2020-01-19,3:38,4:04,AM,AM,R,
2020-01-19,7:19,7:43,AM,AM,L,
2020-01-19,8:44,9:13,AM,AM,R,
2020-01-19,10:20,10:50,AM,AM,L,
2020-01-19,10:55,11:20,AM,AM,R,
2020-01-19,1:07,1:37,PM,PM,L,
2020-01-19,1:47,2:20,PM,PM,R,
2020-01-19,3:54,4:32,PM,PM,L,
2020-01-19,4:43,5:12,PM,PM,R,
2020-01-19,6:22,6:52,PM,PM,L,
2020-01-19,7:03,7:32,PM,PM,R,
2020-01-20,12:10,12:40,AM,AM,F,7
2020-01-20,4:26,4:41,AM,AM,L,
2020-01-20,6:11,6:44,AM,AM,R,
2020-01-20,6:58,7:28,AM,AM,L,
2020-01-20,8:52,9:22,AM,AM,R,
2020-01-20,9:27,9:53,AM,AM,L,
2020-01-20,1:19,1:47,PM,PM,R,
2020-01-20,2:10,2:44,PM,PM,L,
2020-01-20,4:35,5:02,PM,PM,R,
2020-01-20,5:07,5:36,PM,PM,L,
2020-01-20,6:31,7:07,PM,PM,R,
2020-01-20,7:11,7:45,PM,PM,L,
2020-01-21,12:00,12:30,AM,AM,F,6
2020-01-21,5:26,5:56,AM,AM,R,
2020-01-21,6:10,6:41,AM,AM,L,
2020-01-21,8:13,8:43,AM,AM,R,
2020-01-21,10:40,11:12,AM,AM,L,
2020-01-21,11:17,11:50,AM,AM,R,
2020-01-21,1:57,2:24,PM,PM,L,
2020-01-21,2:32,3:08,PM,PM,R,
2020-01-21,4:47,5:17,PM,PM,L,
2020-01-21,5:19,5:50,PM,PM,R,
2020-01-21,6:45,7:10,PM,PM,L,
2020-01-21,7:28,7:59,PM,PM,R,
2020-01-22,12:16,12:40,AM,AM,F,7
2020-01-22,5:25,5:55,AM,AM,L,
2020-01-22,6:00,6:31,AM,AM,R,
2020-01-22,9:16,9:47,AM,AM,L,
2020-01-22,9:55,10:27,AM,AM,R,
2020-01-22,1:13,1:43,PM,PM,L,
2020-01-22,3:22,3:53,PM,PM,R,
2020-01-22,4:58,5:29,PM,PM,L,
2020-01-22,6:15,6:45,PM,PM,R,
2020-01-22,6:48,7:18,PM,PM,L,
2020-01-23,1:25,1:50,AM,AM,F,7
2020-01-23,7:08,7:38,AM,AM,R,
2020-01-23,7:42,8:13,AM,AM,L,
2020-01-23,10:20,10:50,AM,AM,R,
2020-01-23,10:52,11:21,AM,AM,L,
2020-01-23,2:46,3:15,PM,PM,R,
2020-01-23,3:23,3:56,PM,PM,L,
2020-01-23,5:24,5:55,PM,PM,R,
2020-01-23,5:57,6:29,PM,PM,L,
2020-01-23,7:02,7:25,PM,PM,R,
2020-01-24,1:30,2:00,AM,AM,F,7
2020-01-24,5:40,6:16,AM,AM,L,
2020-01-24,6:26,6:55,AM,AM,R,
2020-01-24,9:11,9:41,AM,AM,L,
2020-01-24,9:44,10:15,AM,AM,R,
2020-01-24,12:33,1:03,PM,PM,L,
2020-01-24,1:09,1:40,PM,PM,R,
2020-01-24,3:42,4:14,PM,PM,L,
2020-01-24,4:20,4:50,PM,PM,R,
2020-01-24,6:32,6:57,PM,PM,L,
2020-01-24,6:59,7:27,PM,PM,R,
2020-01-24,11:40,12:15,PM,AM,F,7
2020-01-25,4:44,5:14,AM,AM,L,
2020-01-25,5:20,5:51,AM,AM,R,
2020-01-25,8:52,9:24,AM,AM,L,
2020-01-25,9:29,9:56,AM,AM,R,
2020-01-25,12:01,12:30,PM,PM,L,
2020-01-25,12:32,1:00,PM,PM,R,
2020-01-25,3:11,3:43,PM,PM,L,
2020-01-25,3:45,4:13,PM,PM,R,
2020-01-25,6:11,6:47,PM,PM,L,
2020-01-25,6:53,7:26,PM,PM,R,
2020-01-26,1:50,2:10,AM,AM,F,6
2020-01-26,4:49,5:22,AM,AM,L,
2020-01-26,5:25,5:47,AM,AM,R,
2020-01-26,8:35,9:05,AM,AM,L,
2020-01-26,9:18,9:49,AM,AM,R,
2020-01-26,12:30,1:00,PM,PM,L,
2020-01-26,1:05,1:40,PM,PM,R,
2020-01-26,3:12,3:45,PM,PM,L,
2020-01-26,3:48,4:19,PM,PM,R,
2020-01-26,5:39,6:14,PM,PM,L,
2020-01-26,6:27,7:00,PM,PM,R,
2020-01-26,11:00,11:20,PM,PM,F,7
2020-01-27,4:02,4:33,AM,AM,L,
2020-01-27,4:36,4:54,AM,AM,R,
2020-01-27,7:06,7:23,AM,AM,L,
2020-01-27,7:24,7:44,AM,AM,R,
2020-01-27,9:16,9:31,AM,AM,L,
2020-01-27,11:26,12:02,AM,PM,R,
2020-01-27,12:04,12:21,PM,PM,L,
2020-01-27,12:26,12:42,PM,PM,R,
2020-01-27,3:44,4:18,PM,PM,L,
2020-01-27,4:21,4:50,PM,PM,R,
2020-01-27,6:17,6:51,PM,PM,L,
2020-01-27,6:53,7:31,PM,PM,R,
2020-01-27,11:05,11:35,PM,PM,F,7
2020-01-28,4:13,4:47,AM,AM,L,
2020-01-28,4:50,5:17,AM,AM,R,
2020-01-28,7:41,8:18,AM,AM,L,
2020-01-28,8:20,8:51,AM,AM,R,
2020-01-28,12:00,12:35,PM,PM,L,
2020-01-28,12:37,1:10,PM,PM,R,
2020-01-28,3:41,4:20,PM,PM,L,
2020-01-28,4:23,4:55,PM,PM,R,
2020-01-28,6:03,6:33,PM,PM,L,
2020-01-28,6:35,7:04,PM,PM,R,
2020-01-28,7:05,7:18,PM,PM,L,
2020-01-28,7:19,7:32,PM,PM,R,
2020-01-29,1:00,1:30,AM,AM,F,7
2020-01-29,4:39,5:15,AM,AM,L,
2020-01-29,5:19,5:54,AM,AM,R,
2020-01-29,8:52,9:21,AM,AM,L,
2020-01-29,9:24,9:57,AM,AM,R,
2020-01-29,12:08,12:34,PM,PM,L,
2020-01-29,12:38,1:04,PM,PM,R,
2020-01-29,4:23,5:00,PM,PM,L,
2020-01-29,5:03,5:30,PM,PM,R,
2020-01-29,6:58,7:32,PM,PM,L,
2020-01-29,7:33,7:46,PM,PM,R,
2020-01-30,3:54,4:23,AM,AM,L,
2020-01-30,4:26,4:56,AM,AM,R,
2020-01-30,7:50,8:07,AM,AM,L,
2020-01-30,9:22,10:00,AM,AM,R,
2020-01-30,10:01,10:27,AM,AM,L,
2020-01-30,11:22,11:32,AM,AM,L,
2020-01-30,11:33,11:44,AM,AM,R,
2020-01-30,2:56,3:26,PM,PM,L,
2020-01-30,3:29,4:06,PM,PM,R,
2020-01-30,6:05,6:31,PM,PM,L,
2020-01-30,6:33,7:03,PM,PM,R,
2020-01-30,7:08,7:20,PM,PM,L,
2020-01-30,7:22,7:33,PM,PM,R,
2020-01-31,1:05,1:30,AM,AM,F,8
2020-01-31,6:11,6:39,AM,AM,L,
2020-01-31,6:41,7:07,AM,AM,R,
2020-01-31,9:36,9:58,AM,AM,L,
2020-01-31,10:02,10:28,AM,AM,R,
2020-01-31,12:22,12:57,PM,PM,L,
2020-01-31,1:00,1:28,PM,PM,R,
2020-01-31,3:32,4:02,PM,PM,L,
2020-01-31,4:04,4:28,PM,PM,R,
2020-01-31,6:40,7:14,PM,PM,L,
2020-01-31,7:16,7:40,PM,PM,R,
2020-01-31,7:42,7:51,PM,PM,L,
2020-01-31,7:53,8:02,PM,PM,R,
2020-02-01,2:00,2:30,AM,AM,F,7
2020-02-01,5:48,6:19,AM,AM,L,
2020-02-01,6:21,6:54,AM,AM,R,
2020-02-01,8:25,8:39,AM,AM,L,
2020-02-01,8:41,8:54,AM,AM,R,
2020-02-01,10:54,11:23,AM,AM,L,
2020-02-01,11:25,11:54,AM,AM,R,
2020-02-01,12:03,12:14,PM,PM,L,
2020-02-01,12:16,12:29,PM,PM,R,
2020-02-01,3:03,3:34,PM,PM,L,
2020-02-01,3:36,4:04,PM,PM,R,
2020-02-01,4:14,4:25,PM,PM,L,
2020-02-01,4:27,4:41,PM,PM,R,
2020-02-01,6:31,7:03,PM,PM,L,
2020-02-01,7:06,7:31,PM,PM,R,
2020-02-02,2:48,3:18,AM,AM,L,
2020-02-02,3:20,3:52,AM,AM,R,
2020-02-02,7:30,8:01,AM,AM,L,
2020-02-02,8:03,8:28,AM,AM,R,
2020-02-02,10:18,10:34,AM,AM,L,
2020-02-02,10:36,10:51,AM,AM,R,
2020-02-02,1:19,1:39,PM,PM,L,
2020-02-02,1:41,2:04,PM,PM,R,
2020-02-02,3:26,3:56,PM,PM,L,
2020-02-02,3:58,4:35,PM,PM,R,
2020-02-02,6:30,7:01,PM,PM,L,
2020-02-02,7:03,7:30,PM,PM,R,
2020-02-02,7:35,7:44,PM,PM,L,
2020-02-02,11:36,11:55,PM,PM,F,7
2020-02-03,3:26,4:00,AM,AM,L,
2020-02-03,4:02,4:26,AM,AM,R,
2020-02-03,7:58,8:29,AM,AM,L,
2020-02-03,8:32,9:04,AM,AM,R,
2020-02-03,11:12,11:42,AM,AM,L,
2020-02-03,11:44,12:13,AM,PM,R,
2020-02-03,2:29,3:01,PM,PM,L,
2020-02-03,3:04,3:26,PM,PM,R,
2020-02-03,5:17,5:46,PM,PM,L,
2020-02-03,5:47,6:18,PM,PM,R,
2020-02-03,6:49,7:04,PM,PM,L,
2020-02-03,7:05,7:20,PM,PM,R,
2020-02-04,12:50,1:20,AM,AM,F,8
2020-02-04,5:36,6:06,AM,AM,L,
2020-02-04,6:09,6:39,AM,AM,R,
2020-02-04,8:36,9:03,AM,AM,L,
2020-02-04,9:07,9:39,AM,AM,R,
2020-02-04,12:37,1:05,PM,PM,L,
2020-02-04,1:07,1:36,PM,PM,R,
2020-02-04,3:32,4:02,PM,PM,L,
2020-02-04,4:04,4:37,PM,PM,R,
2020-02-04,6:05,6:29,PM,PM,L,
2020-02-04,6:31,7:06,PM,PM,R,
2020-02-05,1:17,1:35,AM,AM,F,8
2020-02-05,5:26,5:57,AM,AM,L,
2020-02-05,5:59,6:32,AM,AM,R,
2020-02-05,8:34,8:49,AM,AM,L,
2020-02-05,8:51,9:06,AM,AM,R,
2020-02-05,10:51,11:07,AM,AM,L,
2020-02-05,11:09,11:24,AM,AM,R,
2020-02-05,12:47,1:09,PM,PM,L,
2020-02-05,1:10,1:24,PM,PM,R,
2020-02-05,3:24,3:45,PM,PM,L,
2020-02-05,3:47,4:13,PM,PM,R,
2020-02-05,6:07,6:32,PM,PM,L,
2020-02-05,6:35,6:58,PM,PM,R,
2020-02-06,1:30,1:55,AM,AM,F,8
2020-02-06,5:11,5:41,AM,AM,L,
2020-02-06,5:43,6:11,AM,AM,R,
2020-02-06,8:38,9:07,AM,AM,L,
2020-02-06,9:09,9:36,AM,AM,R,
2020-02-06,11:30,12:02,AM,PM,L,
2020-02-06,12:07,12:32,PM,PM,R,
2020-02-06,2:45,3:15,PM,PM,L,
2020-02-06,3:17,3:44,PM,PM,R,
2020-02-06,5:40,6:10,PM,PM,L,
2020-02-06,6:42,7:12,PM,PM,R,
2020-02-06,7:16,7:25,PM,PM,L,
2020-02-06,7:26,7:40,PM,PM,R,
2020-02-07,1:40,2:10,AM,AM,F,8
2020-02-07,7:49,8:20,AM,AM,L,
2020-02-07,8:25,8:50,AM,AM,R,
2020-02-07,11:47,12:15,AM,PM,L,
2020-02-07,12:17,12:40,PM,PM,R,
2020-02-07,2:25,2:55,PM,PM,L,
2020-02-07,2:58,3:20,PM,PM,R,
2020-02-07,5:32,6:03,PM,PM,L,
2020-02-07,6:08,6:37,PM,PM,R,
2020-02-07,6:38,6:47,PM,PM,L,
2020-02-07,6:48,7:01,PM,PM,R,
2020-02-07,11:30,12:00,PM,AM,F,8
2020-02-08,5:01,5:31,AM,AM,L,
2020-02-08,5:33,6:02,AM,AM,R,
2020-02-08,8:24,8:54,AM,AM,L,
2020-02-08,9:00,9:30,AM,AM,R,
2020-02-08,11:21,11:51,AM,AM,L,
2020-02-08,11:52,12:24,AM,PM,R,
2020-02-08,2:30,2:59,PM,PM,L,
2020-02-08,3:01,3:24,PM,PM,R,
2020-02-08,4:10,4:22,PM,PM,F,4
2020-02-08,4:25,4:42,PM,PM,L,
2020-02-08,4:45,5:06,PM,PM,R,
2020-02-08,6:53,7:18,PM,PM,L,
2020-02-08,7:19,7:46,PM,PM,R,
2020-02-09,1:12,1:40,AM,AM,F,8
2020-02-09,5:11,5:41,AM,AM,L,
2020-02-09,5:42,6:17,AM,AM,R,
2020-02-09,7:59,8:28,AM,AM,L,
2020-02-09,8:30,9:00,AM,AM,R,
2020-02-09,11:14,11:46,AM,AM,L,
2020-02-09,11:49,12:21,AM,PM,R,
2020-02-09,3:50,4:19,PM,PM,L,
2020-02-09,4:21,4:47,PM,PM,R,
2020-02-09,6:13,6:45,PM,PM,L,
2020-02-09,6:48,7:14,PM,PM,R,
2020-02-09,11:00,11:20,PM,PM,F,8
2020-02-10,2:59,3:28,AM,AM,L,
2020-02-10,3:30,3:54,AM,AM,R,
2020-02-10,7:19,7:49,AM,AM,L,
2020-02-10,7:53,8:11,AM,AM,R,
2020-02-10,10:01,10:16,AM,AM,L,
2020-02-10,10:17,10:36,AM,AM,R,
2020-02-10,12:44,1:11,PM,PM,L,
2020-02-10,1:12,1:43,PM,PM,R,
2020-02-10,3:30,4:00,PM,PM,L,
2020-02-10,4:01,4:30,PM,PM,R,
2020-02-10,6:20,6:48,PM,PM,L,
2020-02-10,6:50,7:16,PM,PM,R,
2020-02-10,11:15,11:40,PM,PM,F,8
2020-02-11,3:37,4:05,AM,AM,L,
2020-02-11,4:09,4:34,AM,AM,R,
2020-02-11,6:05,6:36,AM,AM,L,
2020-02-11,6:43,7:11,AM,AM,R,
2020-02-11,9:25,9:53,AM,AM,L,
2020-02-11,9:55,10:23,AM,AM,R,
2020-02-11,12:10,12:31,PM,PM,L,
2020-02-11,12:34,1:04,PM,PM,R,
2020-02-11,2:53,3:21,PM,PM,L,
2020-02-11,3:22,3:51,PM,PM,R,
2020-02-11,4:07,4:18,PM,PM,L,
2020-02-11,4:20,4:25,PM,PM,R,
2020-02-11,6:01,6:31,PM,PM,L,
2020-02-11,6:32,7:00,PM,PM,R,
2020-02-12,12:30,1:00,AM,AM,F,8
2020-02-12,3:59,4:31,AM,AM,L,
2020-02-12,4:32,5:00,AM,AM,R,
2020-02-12,7:44,8:15,AM,AM,L,
2020-02-12,8:17,8:40,AM,AM,R,
2020-02-12,10:42,11:10,AM,AM,L,
2020-02-12,11:13,11:44,AM,AM,R,
2020-02-12,1:53,2:18,PM,PM,L,
2020-02-12,2:43,3:09,PM,PM,R,
2020-02-12,5:18,5:44,PM,PM,L,
2020-02-12,5:46,6:04,PM,PM,R,
2020-02-12,6:50,7:05,PM,PM,L,
2020-02-12,7:07,7:22,PM,PM,R,
2020-02-13,12:20,12:40,AM,AM,F,9
2020-02-13,4:44,5:07,AM,AM,L,
2020-02-13,5:09,5:25,AM,AM,R,
2020-02-13,5:30,5:40,AM,AM,L,
2020-02-13,5:42,5:56,AM,AM,R,
2020-02-13,8:17,8:46,AM,AM,L,
2020-02-13,8:48,9:17,AM,AM,R,
2020-02-13,12:08,12:38,PM,PM,L,
2020-02-13,12:38,12:58,PM,PM,R,
2020-02-13,2:47,3:16,PM,PM,L,
2020-02-13,3:18,3:47,PM,PM,R,
2020-02-13,7:13,7:27,PM,PM,L,
2020-02-13,7:28,7:44,PM,PM,R,
2020-02-14,2:30,3:00,AM,AM,F,8
2020-02-14,7:21,7:53,AM,AM,L,
2020-02-14,7:58,8:30,AM,AM,R,
2020-02-14,11:02,11:31,AM,AM,L,
2020-02-14,11:36,11:55,AM,AM,R,
2020-02-14,2:04,2:34,PM,PM,L,
2020-02-14,2:36,3:00,PM,PM,R,
2020-02-14,4:54,5:17,PM,PM,L,
2020-02-14,5:20,5:40,PM,PM,R,
2020-02-14,6:26,6:50,PM,PM,L,
2020-02-14,7:02,7:18,PM,PM,R,
2020-02-14,7:24,7:30,PM,PM,F,2
2020-02-15,12:55,1:20,AM,AM,F,8
2020-02-15,4:01,4:29,AM,AM,L,
2020-02-15,4:31,4:58,AM,AM,R,
2020-02-15,7:25,7:54,AM,AM,L,
2020-02-15,8:19,8:46,AM,AM,R,
2020-02-15,10:41,11:09,AM,AM,L,
2020-02-15,11:12,11:34,AM,AM,R,
2020-02-15,1:21,1:41,PM,PM,L,
2020-02-15,1:43,2:02,PM,PM,R,
2020-02-15,3:57,4:19,PM,PM,L,
2020-02-15,4:20,4:30,PM,PM,R,
2020-02-15,4:36,4:46,PM,PM,R,
2020-02-15,6:36,6:56,PM,PM,L,
2020-02-15,6:58,7:19,PM,PM,R,
2020-02-15,7:21,7:30,PM,PM,L,
2020-02-15,7:31,7:41,PM,PM,R,
2020-02-16,1:00,1:30,AM,AM,F,8
2020-02-16,6:57,7:20,AM,AM,L,
2020-02-16,7:26,7:45,AM,AM,R,
2020-02-16,10:23,10:48,AM,AM,L,
2020-02-16,10:49,11:05,AM,AM,R,
2020-02-16,1:04,1:27,PM,PM,L,
2020-02-16,1:29,1:47,PM,PM,R,
2020-02-16,3:59,4:21,PM,PM,L,
2020-02-16,4:22,4:44,PM,PM,R,
2020-02-16,6:20,6:49,PM,PM,L,
2020-02-16,6:52,7:15,PM,PM,R,
2020-02-17,1:36,1:53,AM,AM,F,8
2020-02-17,6:15,6:35,AM,AM,L,
2020-02-17,6:39,7:07,AM,AM,R,
2020-02-17,9:20,9:46,AM,AM,L,
2020-02-17,9:48,10:12,AM,AM,R,
2020-02-17,12:07,12:29,PM,PM,L,
2020-02-17,12:36,1:05,PM,PM,R,
2020-02-17,3:16,3:47,PM,PM,L,
2020-02-17,3:48,4:10,PM,PM,R,
2020-02-17,6:03,6:34,PM,PM,L,
2020-02-17,6:35,7:01,PM,PM,R,
2020-02-17,10:12,10:30,PM,PM,F,8
2020-02-18,4:25,4:46,AM,AM,L,
2020-02-18,4:48,5:10,AM,AM,R,
2020-02-18,8:22,8:51,AM,AM,L,
2020-02-18,8:55,9:15,AM,AM,R,
2020-02-18,11:43,12:07,AM,PM,L,
2020-02-18,12:10,12:32,PM,PM,R,
2020-02-18,2:25,2:45,PM,PM,L,
2020-02-18,2:46,3:18,PM,PM,R,
2020-02-18,5:17,5:40,PM,PM,L,
2020-02-18,5:42,6:07,PM,PM,R,
2020-02-18,6:52,7:10,PM,PM,L,
2020-02-18,7:12,7:32,PM,PM,R,
2020-02-18,11:50,12:15,PM,AM,F,7.5
2020-02-19,3:27,3:47,AM,AM,L,
2020-02-19,3:52,4:15,AM,AM,R,
2020-02-19,7:16,7:47,AM,AM,L,
2020-02-19,7:49,8:19,AM,AM,R,
2020-02-19,10:01,10:27,AM,AM,L,
2020-02-19,10:29,10:49,AM,AM,R,
2020-02-19,12:34,12:54,PM,PM,L,
2020-02-19,12:56,1:16,PM,PM,R,
2020-02-19,1:49,2:01,PM,PM,L,
2020-02-19,2:02,2:22,PM,PM,R,
2020-02-19,5:06,5:36,PM,PM,L,
2020-02-19,5:38,6:09,PM,PM,R,
2020-02-19,6:59,7:15,PM,PM,L,
2020-02-19,7:17,7:36,PM,PM,R,
2020-02-20,12:00,12:25,AM,AM,F,9.5
2020-02-20,5:37,6:08,AM,AM,L,
2020-02-20,6:10,6:38,AM,AM,R,
2020-02-20,8:06,8:23,AM,AM,L,
2020-02-20,8:25,8:44,AM,AM,R,
2020-02-20,10:32,10:53,AM,AM,L,
2020-02-20,10:54,11:15,AM,AM,R,
2020-02-20,1:03,1:23,PM,PM,L,
2020-02-20,1:27,1:45,PM,PM,R,
2020-02-20,3:19,3:50,PM,PM,L,
2020-02-20,3:52,4:21,PM,PM,R,
2020-02-20,6:32,6:49,PM,PM,L,
2020-02-20,6:53,7:27,PM,PM,R,
2020-02-20,7:31,7:45,PM,PM,L,
2020-02-21,2:02,2:30,AM,AM,F,10
2020-02-21,6:28,6:56,AM,AM,L,
2020-02-21,7:00,7:31,AM,AM,R,
2020-02-21,9:32,10:03,AM,AM,L,
2020-02-21,10:04,10:25,AM,AM,R,
2020-02-21,12:16,12:36,PM,PM,L,
2020-02-21,12:39,1:03,PM,PM,R,
2020-02-21,1:50,1:54,PM,PM,F,0.5
2020-02-21,3:58,4:32,PM,PM,L,
2020-02-21,4:34,4:56,PM,PM,R,
2020-02-21,6:36,7:01,PM,PM,L,
2020-02-21,7:02,7:26,PM,PM,R,
2020-02-21,11:55,12:30,PM,AM,F,8.5
2020-02-22,6:03,6:33,AM,AM,L,
2020-02-22,6:35,7:10,AM,AM,R,
2020-02-22,9:12,9:38,AM,AM,L,
2020-02-22,9:39,9:58,AM,AM,R,
2020-02-22,11:44,12:20,AM,PM,L,
2020-02-22,12:21,12:39,PM,PM,R,
2020-02-22,2:30,2:56,PM,PM,L,
2020-02-22,2:57,3:29,PM,PM,R,
2020-02-22,5:23,5:33,PM,PM,L,
2020-02-22,5:34,6:02,PM,PM,R,
2020-02-22,6:45,7:06,PM,PM,L,
2020-02-22,7:07,7:26,PM,PM,R,
2020-02-23,2:17,2:37,AM,AM,F,9
2020-02-23,7:00,7:33,AM,AM,L,
2020-02-23,7:34,8:08,AM,AM,R,
2020-02-23,9:48,10:12,AM,AM,L,
2020-02-23,10:15,10:42,AM,AM,R,
2020-02-23,12:36,1:00,PM,PM,L,
2020-02-23,1:24,2:04,PM,PM,R,
2020-02-23,4:40,5:08,PM,PM,L,
2020-02-23,5:13,5:45,PM,PM,R,
2020-02-23,7:37,8:08,PM,PM,L,
2020-02-23,8:09,8:33,PM,PM,R,
2020-02-24,1:25,1:55,AM,AM,F,9
2020-02-24,7:03,7:40,AM,AM,L,
2020-02-24,7:43,8:19,AM,AM,R,
2020-02-24,10:13,10:37,AM,AM,L,
2020-02-24,10:40,11:01,AM,AM,R,
2020-02-24,1:52,2:33,PM,PM,L,
2020-02-24,2:35,3:08,PM,PM,R,
2020-02-24,5:08,5:38,PM,PM,L,
2020-02-24,5:39,6:11,PM,PM,R,
2020-02-24,7:29,7:58,PM,PM,L,
2020-02-24,7:59,8:35,PM,PM,R,
2020-02-24,11:30,12:00,PM,AM,F,9
2020-02-25,5:42,6:20,AM,AM,,
2020-02-25,6:21,6:39,AM,AM,,
2020-02-25,8:52,9:23,AM,AM,,
2020-02-25,9:25,9:55,AM,AM,,
2020-02-25,11:43,12:09,AM,PM,,
2020-02-25,12:10,12:31,PM,PM,,
2020-02-25,2:50,3:00,PM,PM,F,2
2020-02-25,3:05,3:30,PM,PM,,
2020-02-25,3:32,3:49,PM,PM,,
2020-02-25,5:58,6:29,PM,PM,,
2020-02-25,6:33,6:49,PM,PM,,
2020-02-26,12:08,12:38,AM,AM,F,8.5
2020-02-26,5:07,5:30,AM,AM,,
2020-02-26,5:31,5:51,AM,AM,,
2020-02-26,7:56,8:33,AM,AM,,
2020-02-26,8:34,9:00,AM,AM,,
2020-02-26,10:57,11:22,AM,AM,,
2020-02-26,11:24,11:50,AM,AM,,
2020-02-26,1:35,2:00,PM,PM,,
2020-02-26,2:01,2:34,PM,PM,,
2020-02-26,4:40,5:12,PM,PM,,
2020-02-26,5:16,5:40,PM,PM,,
2020-02-26,7:53,8:26,PM,PM,,
2020-02-26,8:27,8:45,PM,PM,,
2020-02-27,12:01,12:19,AM,AM,F,8
2020-02-27,5:04,5:35,AM,AM,,
2020-02-27,5:37,5:57,AM,AM,,
2020-02-27,7:59,8:27,AM,AM,,
2020-02-27,8:31,8:56,AM,AM,,
2020-02-27,10:58,11:14,AM,AM,,
2020-02-27,11:16,11:28,AM,AM,,
2020-02-27,12:32,1:03,PM,PM,,
2020-02-27,1:03,1:30,PM,PM,,
2020-02-27,3:28,4:00,PM,PM,,
2020-02-27,4:01,4:23,PM,PM,,
2020-02-27,6:25,6:39,PM,PM,,
2020-02-27,6:40,7:04,PM,PM,,
2020-02-27,7:06,7:30,PM,PM,,
2020-02-27,11:30,11:55,PM,PM,F,8
2020-02-28,5:51,6:25,AM,AM,,
2020-02-28,6:28,6:50,AM,AM,,
2020-02-28,8:37,9:07,AM,AM,,
2020-02-28,9:12,9:40,AM,AM,,
2020-02-28,11:38,12:05,AM,PM,,
2020-02-28,12:07,12:25,PM,PM,,
2020-02-28,2:19,2:44,PM,PM,,
2020-02-28,2:46,3:00,PM,PM,,
2020-02-28,4:48,5:04,PM,PM,,
2020-02-28,5:05,5:34,PM,PM,,
2020-02-28,5:36,5:41,PM,PM,,
2020-02-28,7:03,7:27,PM,PM,,
2020-02-28,7:29,7:53,PM,PM,,
2020-02-29,3:02,3:37,AM,AM,F,10
2020-02-29,6:54,7:26,AM,AM,,
2020-02-29,7:29,7:55,AM,AM,,
2020-02-29,9:57,10:30,AM,AM,,
2020-02-29,10:46,11:25,AM,AM,,
2020-02-29,1:35,2:04,PM,PM,,
2020-02-29,2:05,2:33,PM,PM,,
2020-02-29,4:50,5:26,PM,PM,,
2020-02-29,5:27,6:04,PM,PM,,
2020-02-29,7:25,7:51,PM,PM,,
2020-02-29,7:53,8:21,PM,PM,,
2020-03-01,2:12,2:37,AM,AM,F,9
2020-03-01,7:10,7:31,AM,AM,,
2020-03-01,7:33,7:49,AM,AM,,
2020-03-01,9:55,10:14,AM,AM,,
2020-03-01,10:16,10:41,AM,AM,,
2020-03-01,12:24,12:47,PM,PM,,
2020-03-01,12:48,1:10,PM,PM,,
2020-03-01,3:05,3:28,PM,PM,,
2020-03-01,3:29,3:52,PM,PM,,
2020-03-01,5:33,5:56,PM,PM,,
2020-03-01,5:57,6:29,PM,PM,,
2020-03-01,7:25,7:55,PM,PM,,
2020-03-01,7:56,8:22,PM,PM,,
2020-03-02,1:37,2:00,AM,AM,F,8
2020-03-02,6:50,7:20,AM,AM,,
2020-03-02,7:22,7:40,AM,AM,,
2020-03-02,9:25,9:51,AM,AM,,
2020-03-02,9:53,10:11,AM,AM,,
2020-03-02,11:58,12:28,AM,PM,,
2020-03-02,12:29,12:47,PM,PM,,
2020-03-02,2:43,2:59,PM,PM,,
2020-03-02,3:01,3:17,PM,PM,,
2020-03-02,3:52,4:31,PM,PM,,
2020-03-02,4:33,4:46,PM,PM,,
2020-03-02,6:31,7:01,PM,PM,,
2020-03-02,7:02,7:29,PM,PM,,
2020-03-03,1:00,1:30,AM,AM,,
2020-03-03,7:22,7:54,AM,AM,,
2020-03-03,7:59,8:29,AM,AM,,
2020-03-03,10:33,11:03,AM,AM,,
2020-03-03,11:05,11:32,AM,AM,,
2020-03-03,1:20,1:50,PM,PM,,
2020-03-03,1:51,2:24,PM,PM,,
2020-03-03,4:15,4:45,PM,PM,,
2020-03-03,4:46,5:08,PM,PM,,
2020-03-03,6:39,7:09,PM,PM,,
2020-03-03,7:10,7:29,PM,PM,,
2020-03-04,1:20,1:50,AM,AM,,
2020-03-04,7:10,7:40,AM,AM,,
2020-03-04,7:41,8:10,AM,AM,,
2020-03-04,10:42,11:16,AM,AM,,
2020-03-04,11:18,11:31,AM,AM,,
2020-03-04,1:35,2:04,PM,PM,,
2020-03-04,2:06,2:33,PM,PM,,
2020-03-04,4:45,5:11,PM,PM,,
2020-03-04,5:12,5:34,PM,PM,,
2020-03-04,6:45,7:16,PM,PM,,
2020-03-04,7:17,7:51,PM,PM,,
2020-03-04,11:00,11:30,PM,PM,F,8
2020-03-05,4:00,4:16,AM,AM,,
2020-03-05,4:17,4:44,AM,AM,,
2020-03-05,6:53,7:20,AM,AM,,
2020-03-05,7:22,7:43,AM,AM,,
2020-03-05,9:38,9:52,AM,AM,,
2020-03-05,9:53,10:12,AM,AM,,
2020-03-05,10:17,10:25,AM,AM,,
2020-03-05,10:26,10:29,AM,AM,,
2020-03-05,12:19,12:43,PM,PM,,
2020-03-05,12:45,1:05,PM,PM,,
2020-03-05,3:07,3:36,PM,PM,,
2020-03-05,3:38,4:04,PM,PM,,
2020-03-05,5:52,6:22,PM,PM,,
2020-03-05,6:23,6:52,PM,PM,,
2020-03-05,9:53,10:25,PM,PM,F,8
2020-03-06,4:10,4:41,AM,AM,,
2020-03-06,4:42,5:05,AM,AM,,
2020-03-06,7:07,7:31,AM,AM,,
2020-03-06,7:33,8:00,AM,AM,,
2020-03-06,9:11,9:38,AM,AM,,
2020-03-06,9:39,10:05,AM,AM,,
2020-03-06,10:55,11:23,AM,AM,,
2020-03-06,11:24,11:42,AM,AM,,
2020-03-06,2:47,3:13,PM,PM,,
2020-03-06,3:15,3:45,PM,PM,,
2020-03-06,5:51,6:28,PM,PM,,
2020-03-06,6:29,7:07,PM,PM,,
2020-03-06,9:42,10:05,PM,PM,F,10
2020-03-07,4:58,5:26,AM,AM,,
2020-03-07,5:28,5:55,AM,AM,,
2020-03-07,7:47,8:13,AM,AM,,
2020-03-07,8:15,8:45,AM,AM,,
2020-03-07,10:51,11:17,AM,AM,,
2020-03-07,11:18,11:51,AM,AM,,
2020-03-07,1:49,2:17,PM,PM,,
2020-03-07,2:19,2:38,PM,PM,,
2020-03-07,4:20,4:59,PM,PM,,
2020-03-07,5:00,5:25,PM,PM,,
2020-03-07,6:55,7:28,PM,PM,,
2020-03-07,7:29,7:48,PM,PM,,
2020-03-07,11:10,11:50,PM,PM,F,11